CustomerKey,CustomerAlternateKey,FirstName,LastName,FullName,AddressLine1,City,State,Statename,Zip
1,21596444800,Adam,Alexander,Adam Alexander,5621 Arcadia Pl.,Cedar City,UT,Utah,84720
2,3003,Adrienne,Alonso,Adrienne Alonso,6592 Bent Tree Lane,Colma,CA,California,94014
3,1077,Alfredo,Alvarez,Alfredo Alvarez,4912 Mellowood Street,Lynnwood,WA,Washington,98036
4,4779,Arthur,Arun,Arthur Arun,3815 Berry Dr.,Chula Vista,CA,California,91910
5,38032399400,Andrea,Bailey,Andrea Bailey,9246 Westminster Pl,Dallas,TX,Texas,75201
6,67701756358,Angel,Bell,Angel Bell,6730 Saddlehill Lane,Puyallup,WA,Washington,98371
7,14496465921,Anna,Bennett,Anna Bennett,4594 Rose Dr.,Colma,CA,California,94014
8,96338913440,Alyssa,Bennett,Alyssa Bennett,"810, rue des Rosiers",Culver City,CA,California,90232
9,467,Arturo,Bhat,Arturo Bhat,1086 Clayton Road,Beverly Hills,CA,California,90210
10,53313373327,Abigail,Brown,Abigail Brown,1519 Sheffield Place,Port Orchard,WA,Washington,98366
11,54107006788,Abigail,Bryant,Abigail Bryant,7971 Calle Verde Drive,Edmonds,WA,Washington,98020
12,32632479667,Angela,Bryant,Angela Bryant,6385 Mark Twain,Puyallup,WA,Washington,98371
13,10872839093,Alexandra,Butler,Alexandra Butler,Hellweg 4754,Pleasanton,CA,California,94566
14,43299796581,Andrea,Carter,Andrea Carter,1817 Adobe Drive,West Covina,CA,California,91791
15,75533120036,Adam,Carter,Adam Carter,9381 Bayside Way,Bellingham,WA,Washington,98225
16,3014,Adrienne,Castro,Adrienne Castro,6516 Pine Tree Drive,Citrus Heights,CA,California,95610
17,2789,Alberto,Castro,Alberto Castro,485 Ash Lane,Spokane,WA,Washington,99202
18,9408,Alicia,Chande,Alicia Chande,7961 Red Maple Ct.,Berkeley,CA,California,94704
19,9863,April,Chande,April Chande,9639 Ida Drive,Los Angeles,CA,California,90012
20,214,Alvin,Chander,Alvin Chander,989 Crown Ct,Los Angeles,CA,California,90012
21,3309,Ashlee,Chander,Ashlee Chander,7700 Meaham Drive,Dallas,TX,Texas,75201
22,9864,April,Chander,April Chander,8735 Golf Club Rd.,Burien,WA,Washington,98168
23,85459846854,Alexander,Clark,Alexander Clark,1933 Rock Creek Pl.,Milwaukie,OR,Oregon,97222
24,81635102629,Austin,Clark,Austin Clark,7245 Roslyn Road,Chantilly,VA,Virginia,20151
25,21534748700,Adam,Coleman,Adam Coleman,7370 Rolling Green Circle,Colma,CA,California,94014
26,58763294800,Antonio,Coleman,Antonio Coleman,4767 Detroit Ave.,Portland,OR,Oregon,97205
27,71785666346,Angel,Collins,Angel Collins,903 West I St,Burbank,CA,California,91502
28,39624590900,Allison,Cook,Allison Cook,5875 Providence Dr.,Kirkland,WA,Washington,98033
29,36135289072,Alexandria,Cooper,Alexandria Cooper,6738 Wallace Dr.,Redwood City,CA,California,94063
30,53125457763,Alexis,Davis,Alexis Davis,7503 Hill Drive,South Bend,IN,Indiana,46601
31,53315894603,Abigail,Davis,Abigail Davis,9108 San Miguel Drive,Saint Ann,MO,Missouri,63074
32,9393,Alicia,Deng,Alicia Deng,4682 Birch Bark Rd.,Concord,CA,California,94519
33,2997,Adrienne,Diaz,Adrienne Diaz,5398 Shadow Falls Drive,Daly City,CA,California,94015
34,6446,Anne,Diaz,Anne Diaz,8272 Ohara Avenue,Olympia,WA,Washington,98501
35,7210,Allen,Engineer,Allen Engineer,7880 Mission Drive,Altadena,CA,California,91001
36,7335,Andre,Engineer,Andre Engineer,67 Flamingo Drive,Spokane,WA,Washington,99202
37,7346,Andre,Fernandez,Andre Fernandez,7157 Park Lane Circle,Bellflower,CA,California,90706
38,1242,Adriana,Fernandez,Adriana Fernandez,6089 Santa Fe Dr.,Colma,CA,California,94014
39,54037360548,Abigail,Flores,Abigail Flores,9556 Lyman Rd.,Colma,CA,California,94014
40,21585115194,Adam,Foster,Adam Foster,2500 Ward Court,Yakima,WA,Washington,98901
41,188,Alvin,Gao,Alvin Gao,6055 Broadway Street,Ballard,WA,Washington,98107
42,53210049300,Alexis,Garcia,Alexis Garcia,9884 Pacifica Ave.,Colma,CA,California,94014
43,3084,Ann,Garcia,Ann Garcia,4428 Jones Rd.,Newport Hills,WA,Washington,98006
44,6735,Albert,Gil,Albert Gil,3518 Black Pine Lane,Lynnwood,WA,Washington,98036
45,30082042217,Alexia,Gonzales,Alexia Gonzales,6641 Morgan Territory Rd.,San Francisco,CA,California,94109
46,31656616900,Ana,Gonzales,Ana Gonzales,3001 N. 48th Street,Concord,CA,California,94519
47,45254837274,Alexandra,Gonzalez,Alexandra Gonzalez,"112, rue Faubourg St Antoine",Concord,CA,California,94519
48,15732240080,Abigail,Gray,Abigail Gray,8989 Adelia Court,Merritt Island,FL,Florida,32952
49,77437161207,Angel,Green,Angel Green,2079 Mountaire Pkwy.,Burien,WA,Washington,98168
50,96640200614,Alyssa,Griffin,Alyssa Griffin,4787 R St.,Grossmont,CA,California,91941
51,32856969833,Arianna,Griffin,Arianna Griffin,2159 Barbie Dr.,Yakima,WA,Washington,98901
52,6732,Albert,Gutierrez,Albert Gutierrez,9127 Grenola Dr.,Chandler,AZ,Arizona,85225
53,81310099363,Alex,Hall,Alex Hall,237 Bellwood Dr.,Fremont,CA,California,94536
54,47757043200,Allison,Hall,Allison Hall,8308 La Salle Ave.,Bradenton,FL,Florida,34205
55,53469896316,Abigail,Hall,Abigail Hall,8590 High Maple Court,Gold Bar,WA,Washington,98251
56,88638226985,Andrew,Harris,Andrew Harris,2284 Azalea Avenue,Euclid,OH,Ohio,44119
57,5556,Alejandro,He,Alejandro He,4030 La Orinda Place,Ithaca,NY,New York,14850
58,78516975641,Angel,Hernandez,Angel Hernandez,490 Sepulveda Ct.,Chula Vista,CA,California,91910
59,43977499604,Allison,Hill,Allison Hill,Moritzstr 45,Concord,CA,California,94519
60,2473,Autumn,Hu,Autumn Hu,7290 Mt. Hood Circle,Olympia,WA,Washington,98501
61,31616555452,Ana,Hughes,Ana Hughes,7660 Willow Creek Ct.,Lynnwood,WA,Washington,98036
62,53178334832,Alexis,Jackson,Alexis Jackson,8825 Walters Way,Colma,CA,California,94014
63,85074842572,Austin,Jackson,Austin Jackson,9426 Georgia Street,Bremerton,WA,Washington,98312
64,87213770151,Anthony,Jackson,Anthony Jackson,2840 Oak Wood Court,Downey,CA,California,90241
65,5573,Alejandro,Jai,Alejandro Jai,8571 Mehaffey Way,Colma,CA,California,94014
66,36010416200,Alexandria,James,Alexandria James,7544 Woodside Court,Concord,CA,California,94519
67,31580495834,Ana,Jenkins,Ana Jenkins,4283 Meaham Drive,Milwaukie,OR,Oregon,97222
68,29988089800,Alexia,Jenkins,Alexia Jenkins,6205 Lorie Lane,Tacoma,WA,Washington,98403
69,2499,Audrey,Jimenez,Audrey Jimenez,3146 Rose Street,Kirkland,WA,Washington,98033
70,2925,Armando,Jimenez,Armando Jimenez,1258 Steven Way,Kenmore,WA,Washington,98028
71,14482035636,Anna,Kelly,Anna Kelly,9720 Morning Glory Dr.,Scottsdale,AZ,Arizona,85257
72,11750849485,Amanda,Kelly,Amanda Kelly,"3403bis, boulevard Saint Germain",Camarillo,CA,California,93010
73,10794706300,Alexandra,Kelly,Alexandra Kelly,8128 Kane Circle,West Covina,CA,California,91791
74,9400,Alicia,Kumar,Alicia Kumar,"3738, chaussée de Tournai",Concord,CA,California,94519
75,9856,April,Lal,April Lal,2835 The Trees Drive,Clarkston,GA,Georgia,30021
76,190,Alvin,Liang,Alvin Liang,8232 Roanwood Way,Redlands,CA,California,92373
77,2417,Aimee,Liang,Aimee Liang,1534 Land Ave,Corvallis,OR,Oregon,97330
78,2407,Aimee,Lin,Aimee Lin,4116 Stanbridge Ct.,Portland,OR,Oregon,97205
79,9956,Amy,Liu,Amy Liu,259 1 Drive,Clay,NY,New York,13041
80,32786041498,Arianna,Long,Arianna Long,3215 Polson Court,Los Angeles,CA,California,90012
81,96521899104,Alyssa,Long,Alyssa Long,3862 Citrus Avenue,San Francisco,CA,California,94109
82,10852942466,Alexandra,Long,Alexandra Long,7963 Elk Dr,Beaverton,OR,Oregon,97005
83,30015577100,Alexia,Long,Alexia Long,3858 Vista Diablo,Bellingham,WA,Washington,98225
84,4790,Arthur,Lopez,Arthur Lopez,Alte Landstr 9,Mill Valley,CA,California,94941
85,827,Abby,Malhotra,Abby Malhotra,"4680, rue Villedo",Sedro Woolley,WA,Washington,98284
86,7333,Andre,Malhotra,Andre Malhotra,5952 Haven Drive,Sedro Woolley,WA,Washington,98284
87,88648338913,Andrew,Martin,Andrew Martin,"8128, rue Lamarck",Everett,MT,Montana,59801
88,87224895954,Anthony,Martin,Anthony Martin,9730 Krueger Drive,W. Linn,OR,Oregon,97068
89,53209384083,Alexis,Martin,Alexis Martin,2371 Deerfield Dr.,Issaquah,WA,Washington,98027
90,4791,Arthur,Martinez,Arthur Martinez,Zimmerstr 371,Imperial Beach,CA,California,91932
91,84972505569,Austin,Miller,Austin Miller,5492 Hacienda Drive,Ballard,WA,Washington,98107
92,43554965853,Andrea,Mitchell,Andrea Mitchell,Heiderweg 4624,Anacortes,WA,Washington,98221
93,85279318094,Alexander,Moore,Alexander Moore,7429 La Cadena,Glendale,CA,California,91203
94,3001,Adrienne,Moreno,Adrienne Moreno,170 Minert Rd.,Chula Vista,CA,California,91910
95,1054,Andy,Moreno,Andy Moreno,4286 NE 3rd Court,Long Beach,CA,California,90802
96,39889201521,Allison,Morgan,Allison Morgan,1247 Violet Ct,Monroe,WA,Washington,98272
97,39921854734,Alexa,Morgan,Alexa Morgan,5244 Black Walnut Ct.,Bremerton,WA,Washington,98312
98,38816586136,Ariana,Morris,Ariana Morris,4995 North Civic Drive,W. Linn,OR,Oregon,97068
99,6728,Albert,Munoz,Albert Munoz,6628 Moretti Drive,Downey,CA,California,90241
100,3002,Adrienne,Munoz,Adrienne Munoz,4911 Peachwillow Lane,Issaquah,WA,Washington,98027
101,68392822146,Adrian,Murphy,Adrian Murphy,8428 Appia Court,Mill Valley,NE,Nebraska,68601
102,11696153879,Amanda,Murphy,Amanda Murphy,4223 Las Trampas Road,Portland,OR,Oregon,97205
103,9410,Alicia,Nara,Alicia Nara,918 Park Lane,Edmonds,WA,Washington,98020
104,9412,Alicia,Nath,Alicia Nath,6608 Calle Verde Dr.,Chula Vista,CA,California,91910
105,465,Arturo,Nath,Arturo Nath,9534 Ridgewood Ct.,Milwaukie,OR,Oregon,97222
106,43015825748,Andrea,Nelson,Andrea Nelson,9072 U St.,Lemon Grove,CA,California,91945
107,3858,Ashlee,Pal,Ashlee Pal,1183 Tono Lane,Lynnwood,WA,Washington,98036
108,30038343667,Alexia,Patterson,Alexia Patterson,5826 Norman Avenue,Concord,CA,California,94519
109,32800831198,Arianna,Patterson,Arianna Patterson,2878 Bounty Way,Bellingham,WA,Washington,98225
110,11840580100,Amanda,Patterson,Amanda Patterson,3101 Greendell Rd,Puyallup,WA,Washington,98371
111,3091,Ann,Perez,Ann Perez,6115 Glenside Court,Chula Vista,CA,California,91910
112,32767083644,Arianna,Perry,Arianna Perry,3842 Algiers Dr.,Chula Vista,CA,California,91910
113,32331407100,Alexandria,Perry,Alexandria Perry,2908 Piper Ridge Court,Sparks,NV,Nevada,89431
114,96121359467,Alyssa,Peterson,Alyssa Peterson,4195 San Paolo,Grossmont,CA,California,91941
115,14424062371,Anna,Peterson,Anna Peterson,6933 Sutton Circle,Oregon City,OR,Oregon,97045
116,10756163000,Alexandra,Peterson,Alexandra Peterson,3459 Tri-state Ave,Portland,OR,Oregon,97205
117,41771881580,Alexandra,Phillips,Alexandra Phillips,80 Mozden Lane,Spokane,WA,Washington,99202
118,833,Abby,Prasad,Abby Prasad,"88, avenue des Champs-Elysées",Concord,CA,California,94519
119,7214,Allen,Prasad,Allen Prasad,3376 Bank Way,San Francisco,CA,California,94109
120,30104014900,Angelica,Price,Angelica Price,934 St. Paul Way,Ballard,WA,Washington,98107
121,57332443600,Aidan,Price,Aidan Price,1687 Chaparral Court,Bothell,WA,Washington,98011
122,9866,April,Rai,April Rai,3294 Buena Vista,Los Angeles,CA,California,90012
123,2099,Andres,Rai,Andres Rai,8914 Fraga Court,Edmonds,WA,Washington,98020
124,3311,Ashlee,Rai,Ashlee Rai,2852 Magda Way,Spokane,WA,Washington,99202
125,212,Alvin,Raje,Alvin Raje,9020 Starflower Dr.,Corvallis,OR,Oregon,97330
126,35608353018,Alexa,Ramirez,Alexa Ramirez,4654 Blackridge Drive,Laredo,TX,Texas,78040
127,1066,Andy,Ramos,Andy Ramos,8158 Granada Dr.,Bremerton,WA,Washington,98312
128,4815,Arthur,Ramos,Arthur Ramos,9777 Mozden Lane,Bremerton,WA,Washington,98312
129,11683574300,Amanda,Reed,Amanda Reed,25 Leisure Lane,Humble,TX,Texas,77338
130,36380754100,Angela,Richardson,Angela Richardson,8162 Milden Road,Olympia,WA,Washington,98501
131,38351678848,Andrea,Rivera,Andrea Rivera,3029 Pastime Dr,Colma,CA,California,94014
132,7350,Andre,Rodriguez,Andre Rodriguez,7334 Sterling Hill,Carson,CA,California,90746
133,844,Abby,Rodriguez,Abby Rodriguez,9543 West I St.,Las Vegas,NV,Nevada,89106
134,39219276905,Arianna,Rogers,Arianna Rogers,1394 Firestone,Long Beach,CA,California,90802
135,69732639193,Adrian,Rogers,Adrian Rogers,212 Pheasant Circle,Burien,WA,Washington,98168
136,3004,Adrienne,Romero,Adrienne Romero,3181 Hacienda,Cheektowaga,NY,New York,14227
137,26007412672,Austin,Ross,Austin Ross,6732 Tanager Court,Edmonds,WA,Washington,98020
138,3017,Adrienne,Rubio,Adrienne Rubio,9228 Golden Meadow,Monroe,WA,Washington,98272
139,1049,Andy,Ruiz,Andy Ruiz,6288 Melody Dr.,Burbank,CA,California,91502
140,6722,Albert,Ruiz,Albert Ruiz,5884 Maureen Circle,Lake Oswego,OR,Oregon,97034
141,11650255918,Amanda,Sanchez,Amanda Sanchez,6210 S. 88th Street,New Haven,CT,Connecticut,6510
142,7226,Allen,Sanchez,Allen Sanchez,6406 Golden Leaf Way,Cheektowaga,NY,New York,14227
143,68941183700,Angel,Sanchez,Angel Sanchez,4038 Elk Dr,Lake Oswego,OR,Oregon,97034
144,1069,Andy,Sanz,Andy Sanz,2614 Park Glen Ct.,Suwanee,GA,Georgia,30024
145,44369343500,Andrea,Scott,Andrea Scott,4236 Greenwood Pl.,Bremerton,WA,Washington,98312
146,4814,Arthur,Serrano,Arthur Serrano,5629 San Francisco,Concord,CA,California,94519
147,2937,Armando,Serrano,Armando Serrano,570 Highridge Court,Portland,OR,Oregon,97205
148,208,Alvin,Shan,Alvin Shan,1050 Greenhills Circle,W. Linn,OR,Oregon,97068
149,5318,Alisha,Sharma,Alisha Sharma,9755 Glen Road,Edmonds,WA,Washington,98020
150,2476,Autumn,She,Autumn She,6934 Dos Encinas,Richmond,CA,California,94801
151,7657,Alison,She,Alison She,Carlsplatz 90,Miami,FL,Florida,33127
152,2080,Andres,She,Andres She,6064 Madrid,Lebanon,OR,Oregon,97355
153,445,Arturo,She,Arturo She,3106 Maywood Ln,Puyallup,WA,Washington,98371
154,10875526700,Alexandra,Simmons,Alexandra Simmons,6395 Deermeadow Way,Concord,CA,California,94519
155,30272082090,Angelica,Simmons,Angelica Simmons,5021 Rio Grande Drive,Hillsboro,TX,Texas,76645
156,30077423500,Alexia,Simmons,Alexia Simmons,Parise Straße 155,Bellevue,WA,Washington,98004
157,86713050007,Anthony,Smith,Anthony Smith,3675 Q St.,Colma,CA,California,94014
158,53950794935,Anna,Smith,Anna Smith,Auf dem Ufer 224,Puyallup,WA,Washington,98371
159,832,Abby,Srini,Abby Srini,9170 Plymouth Dr.,Berkeley,CA,California,94704
160,3077,Ann,Srini,Ann Srini,2282 Near Dr,Lynnwood,WA,Washington,98036
161,6464,Anne,Suarez,Anne Suarez,4667 Cook Pk,San Francisco,CA,California,94109
162,4817,Arthur,Suarez,Arthur Suarez,6286 Ronda Ct,Beaverton,OR,Oregon,97005
163,85043627023,Austin,Thomas,Austin Thomas,1528 MapleView Drive,Chicago,IL,Illinois,60610
164,88656943440,Andrew,Thompson,Andrew Thompson,2101 Frayne Ln.,Sedro Woolley,WA,Washington,98284
165,2782,Alberto,Torres,Alberto Torres,Höhenstr 2462,Chula Vista,CA,California,91910
166,34761418700,Ariana,Torres,Ariana Torres,5225 Harbor View Dr,Colma,CA,California,94014
167,96115834100,Alyssa,Torres,Alyssa Torres,75 Ashford Court,Marysville,WA,Washington,98270
168,6733,Albert,Torres,Albert Torres,9443 Lacanda Ct.,Portland,OR,Oregon,97205
169,34826805600,Alexandria,Torres,Alexandria Torres,Werftstr 54,Bothell,WA,Washington,98011
170,2785,Alberto,Vazquez,Alberto Vazquez,5966 Sepulveda Ct.,Mansfield,OH,Ohio,44903
171,1088,Alfredo,Vazquez,Alfredo Vazquez,8784 Detroit Ave.,Sedro Woolley,WA,Washington,98284
172,7207,Allen,Verma,Allen Verma,1749 Champion Rd,Burbank,CA,California,91502
173,9953,Amy,Wang,Amy Wang,1261 Viking Drive,Colma,CA,California,94014
174,62929312600,Angel,Watson,Angel Watson,9038 Ida Drive,Portland,OR,Oregon,97205
175,15737550900,Abigail,Watson,Abigail Watson,9643 North Star Dr,Seattle,WA,Washington,98104
176,50762683749,Alyssa,Williams,Alyssa Williams,8494 Military Way,Colma,CA,California,94014
177,53982541600,Anna,Wilson,Anna Wilson,6400 Yosemite Circle,Phoenix,AZ,Arizona,85004
178,85004761815,Austin,Wilson,Austin Wilson,8240 Leonard Dr.,National City,CA,California,91950
179,8013,Alan,Wu,Alan Wu,5256 Lorie Lane,La Jolla,CA,California,92806
180,179,Alvin,Wu,Alvin Wu,4265 Ashwood Drive,Clearwater,FL,Florida,33755
181,2412,Aimee,Xu,Aimee Xu,2420 Union St,Bellflower,CA,California,90706
182,9965,Amy,Xu,Amy Xu,1813 Cashew Ln,Chicago,IL,Illinois,60610
183,2085,Andres,Xu,Andres Xu,6366 Dayton Court,Milford,CT,Connecticut,6460
184,9852,April,Xu,April Xu,928 Old Mountain View Dr.,Olympia,WA,Washington,98501
185,21662647128,Adam,Yang,Adam Yang,9471 Laguna Circle,Berkeley,CA,California,94704
186,2456,Autumn,Yang,Autumn Yang,1300 Zebra Street,Chula Vista,CA,California,91910
187,2404,Aimee,Yang,Aimee Yang,8714 St. Paul Way,Columbus,GA,Georgia,31901
188,2461,Autumn,Ye,Autumn Ye,3740 Azalea Avenue,Chula Vista,CA,California,91910
189,3852,Ashlee,Yuan,Ashlee Yuan,7432 Corte Valencia,Issaquah,WA,Washington,98027
190,2087,Andres,Yuan,Andres Yuan,1773 Royal Palm Lane,Lynnwood,WA,Washington,98036
191,9854,April,Yuan,April Yuan,"161, rue de Cambrai",Downey,CA,California,90241
192,2410,Aimee,Zhao,Aimee Zhao,3985 Jacqueline Drive,Palo Alto,CA,California,94303
193,8017,Alan,Zhao,Alan Zhao,5052 Bannock Ct.,W. Linn,NV,Nevada,89701
194,5292,Alisha,Zhou,Alisha Zhou,1383 Button Court,Colma,CA,California,94014
195,9961,Amy,Zhou,Amy Zhou,5953 Pinewood Court,Carol Stream,IL,Illinois,60188
196,181,Alvin,Zhou,Alvin Zhou,757 Eureka Lane,Coronado,CA,California,92118
197,2414,Aimee,Zhu,Aimee Zhu,6905 Camino Ricardo,Burlingame,CA,California,94010
198,60813661200,Blake,Alexander,Blake Alexander,9910 North Wateroak Ct,Ballard,WA,Washington,98107
199,931,Byron,Alonso,Byron Alonso,2377 Joyce Dr,Colma,CA,California,94014
200,927,Byron,Alvarez,Byron Alvarez,5240 Premier Pl.,Fremont,CA,California,94536
201,1477,Bonnie,Anand,Bonnie Anand,3223 Virgina Hills Drive,Heath,OH,Ohio,43056
202,38126963400,Brooke,Bailey,Brooke Bailey,5619 Gathering Court,Issaquah,WA,Washington,98027
203,90687225461,Brianna,Barnes,Brianna Barnes,1733 Concord Place,Philadelphia,PA,Pennsylvania,19107
204,90643049478,Brianna,Bennett,Brianna Bennett,6928 N. 8th Street,North Bend,WA,Washington,98045
205,3692,Bridget,Bhat,Bridget Bhat,8568 San Vincente Drive,Corvallis,OR,Oregon,97330
206,612,Briana,Blanco,Briana Blanco,9531 Harrison Street,Novato,CA,California,94947
207,939,Byron,Blanco,Byron Blanco,7174 Ravenwood,Concord,CA,California,94519
208,63369264600,Bryan,Brooks,Bryan Brooks,3475 Chablis Court,Missoula,MT,Montana,59801
209,51687241196,Brianna,Brown,Brianna Brown,396 Deer Ridge Way,Mill Valley,CA,California,94941
210,8399,Brent,Cai,Brent Cai,2794 N. Civic Drive,Boise,ID,Idaho,83702
211,42144488700,Bailey,Campbell,Bailey Campbell,7207 St. Andrews Way,Milwaukie,OR,Oregon,97222
212,4041,Brendan,Chander,Brendan Chander,5018 W. Watson Court,Beverly Hills,CA,California,90210
213,5122,Barbara,Chander,Barbara Chander,4508 Valley Crest Drive,Trabuco Canyon,CA,California,92679
214,3687,Bridget,Chander,Bridget Chander,"2442bis, boulevard Saint Germain",Everett,WA,Washington,98201
215,1470,Bonnie,Chander,Bonnie Chander,5091 Laurel Dr.,Downey,CA,California,90241
216,1480,Barry,Chandra,Barry Chandra,790 Northstar Drive,Walla Walla,WA,Washington,99362
217,70409124493,Bryan,Cook,Bryan Cook,5586 Pacheco,Colma,CA,California,94014
218,36554759740,Brooke,Cox,Brooke Cox,377 Trees Drive,Portland,OR,Oregon,97205
219,9698,Bradley,Deng,Bradley Deng,493 Terry Lynn Lane,La Jolla,CA,California,92806
220,936,Byron,Dominguez,Byron Dominguez,9816 Ban Bridge Pl.,Springdale,OH,Ohio,45246
221,40435626500,Bailey,Edwards,Bailey Edwards,3491 Cook Street,Colma,CA,California,94014
222,8840,Brandy,Engineer,Brandy Engineer,3450 Oakleaf Ct.,Snohomish,WA,Washington,98296
223,4762,Bruce,Gil,Bruce Gil,7886 Fairfield Avenue,Puyallup,WA,Washington,98371
224,1574,Bryant,Gonzalez,Bryant Gonzalez,2912 Guadalupe Dr.,Concord,CA,California,94519
225,1499,Barry,Gonzalez,Barry Gonzalez,Werftstr 54,Coronado,CA,California,92118
226,65185887217,Bryce,Gray,Bryce Gray,9602 C St.,Lincoln Acres,CA,California,91950
227,29117434024,Brandon,Griffin,Brandon Griffin,9161 Viking Drive,Loveland,CO,Colorado,80537
228,5099,Barbara,Guo,Barbara Guo,3581 Schenone Court,La Jolla,CA,California,92806
229,36698204300,Bailey,Howard,Bailey Howard,7248 Holiday Hills Dr.,Salem,OR,Oregon,97301
230,8398,Brent,Hu,Brent Hu,5973 Willow Pass Road,Seattle,WA,Washington,98104
231,29071954488,Brandon,Hughes,Brandon Hughes,804 Seaview Dr.,Chula Vista,CA,California,91910
232,28115698695,Benjamin,Jenkins,Benjamin Jenkins,5117 C Street,Hixson,TN,Tennessee,37343
233,1479,Barry,Kapoor,Barry Kapoor,5966 Krueger Dr.,Walla Walla,WA,Washington,99362
234,63584586977,Bryce,Kelly,Bryce Kelly,3616 Gonzalez Court,Colma,CA,California,94014
235,16813599500,Blake,King,Blake King,Dunckerstr 48523,Santa Ana,CA,California,92701
236,1953,Bianca,Li,Bianca Li,Hansaallee 5727,Edina,MN,Minnesota,55436
237,8139,Brittney,Li,Brittney Li,4333 Coastal Blvd.,Everett,WA,Washington,98201
238,8380,Brent,Liu,Brent Liu,6220 Boxer Blvd,Salt Lake City,UT,Utah,84101
239,4030,Brendan,Luo,Brendan Luo,204 Heathrow Court,Chula Vista,CA,California,91910
240,4055,Brad,Luo,Brad Luo,4689 Deerwood Court,San Gabriel,CA,California,91776
241,1562,Bryant,Madan,Bryant Madan,4681 Holiday Hills,Woodland Hills,CA,California,91364
242,7312,Bobby,Madan,Bobby Madan,8702 Nightingale Drive,Woodbury,MN,Minnesota,55125
243,7308,Bobby,Malhotra,Bobby Malhotra,7502 Baltic Sea Ct.,West Covina,CA,California,91791
244,4727,Bruce,Malhotra,Bruce Malhotra,8743 Clark Creek Rd.,San Ysidro,CA,California,92173
245,7323,Bobby,Martinez,Bobby Martinez,1658 Stonyhill Circle,Issaquah,WA,Washington,98027
246,1494,Barry,Mehta,Barry Mehta,887 Redwood Road,North Sioux City,SD,South Dakota,57049
247,8635,Brandi,Moreno,Brandi Moreno,4478 W Lake Drive,Elgin,IL,Illinois,60120
248,929,Byron,Moreno,Byron Moreno,4930 Augustine Drive,Lebanon,OR,Oregon,97355
249,930,Byron,Munoz,Byron Munoz,618 Bentley Ct.,Burlingame,CA,California,94010
250,2526,Beth,Munoz,Beth Munoz,912 Fremont St.,Bothell,WA,Washington,98011
251,4755,Bruce,Munoz,Bruce Munoz,4421 Holiday Hill Dr.,Lynnwood,WA,Washington,98036
252,9717,Bradley,Nath,Bradley Nath,8707 Goen Road,Colma,CA,California,94014
253,7159,Billy,Navarro,Billy Navarro,1940 Detroit Ave.,Lynnwood,WA,Washington,98036
254,42939388200,Bailey,Nelson,Bailey Nelson,6695 Black Walnut Court,Clearwater,FL,Florida,33755
255,5118,Barbara,Pal,Barbara Pal,2553 Croyden Dr.,Redmond,WA,Washington,98052
256,7306,Bobby,Patel,Bobby Patel,8921 Jill Ave.,Newport Beach,CA,California,92625
257,6951,Brenda,Patel,Brenda Patel,9890 Bloching Circle,Downey,CA,California,90241
258,43731299600,Bailey,Perez,Bailey Perez,7680 Ashwood Dr,Woodburn,OR,Oregon,97071
259,64893038272,Bryan,Peterson,Bryan Peterson,1694 Pinole Valley Rd.,Chula Vista,CA,California,91910
260,1564,Bryant,Prasad,Bryant Prasad,1550 Cordoba,Colma,CA,California,94014
261,5120,Barb,Raje,Barb Raje,7026 Trail Way,Birmingham,AL,Alabama,35203
262,3693,Bridget,Raji,Bridget Raji,5634 Haviland Place,Fort Wayne,IN,Indiana,46807
263,6962,Brenda,Raman,Brenda Raman,3189 La Salle St.,San Carlos,CA,California,94070
264,90578027367,Brianna,Ramirez,Brianna Ramirez,281 Windsor Drive,Bellingham,WA,Washington,98225
265,7167,Billy,Ramos,Billy Ramos,4422 Mariposa,Colma,CA,California,94014
266,2537,Beth,Ramos,Beth Ramos,6456 Eagle Way,Lemon Grove,CA,California,91945
267,66348345875,Bryan,Richardson,Bryan Richardson,6647 McDandy St.,Campbellsville,KY,Kentucky,42718
268,8855,Brandy,Rodriguez,Brandy Rodriguez,1053 Rain Drop Circle,Concord,CA,California,94519
269,4757,Bruce,Romero,Bruce Romero,5691 Coldwater Drive,Colma,CA,California,94014
270,618,Briana,Rubio,Briana Rubio,9424 Pine Creek Way,Imperial Beach,CA,California,91932
271,924,Byron,Ruiz,Byron Ruiz,4649 Peachwillow,Savannah,GA,Georgia,31401
272,1501,Barry,Sanchez,Barry Sanchez,3008 Brookdale Dr.,Chula Vista,CA,California,91910
273,69082037210,Bryce,Sanchez,Bryce Sanchez,Husemann Straße 4444,Torrance,CA,California,90505
274,9224,Brett,Sara,Brett Sara,419 Deermeadow Way,Edmonds,WA,Washington,98020
275,613,Briana,Serrano,Briana Serrano,6834 Violetta,Daly City,CA,California,94015
276,5116,Barbara,Shan,Barbara Shan,8520 Waterview Place,Bellflower,CA,California,90706
277,9708,Bradley,Shan,Bradley Shan,4895 Cypress Ave.,Colma,CA,California,94014
278,29257268309,Brandon,Shan,Brandon Shan,3476 Sunset Meadows,Sedro Woolley,WA,Washington,98284
279,7997,Bethany,Sharma,Bethany Sharma,3079 Ricardo,Colma,CA,California,94014
280,4034,Brendan,Sharma,Brendan Sharma,4497 Near Dr,Downey,CA,California,90241
281,1975,Bianca,She,Bianca She,16 Woodside Court,Bellflower,CA,California,90706
282,5105,Barbara,She,Barbara She,9209 Mendocino Drive,Minneapolis,MN,Minnesota,55402
283,4051,Brad,Shen,Brad Shen,9762 Alvecedo,Burlingame,CA,California,94010
284,16621177792,Blake,Smith,Blake Smith,3221 Mt. Washington Way,Chula Vista,CA,California,91910
285,1964,Bianca,Sun,Bianca Sun,7421 Palisade Court,Berkeley,CA,California,94704
286,5094,Barbara,Sun,Barbara Sun,4635 Woodside Court,Lake Oswego,OR,Oregon,97034
287,9212,Brett,Suri,Brett Suri,288 Almaden Dr.,Millington,TN,Tennessee,38054
288,4028,Brendan,Tang,Brendan Tang,"68, avenue de l´ Union Centrale",Sunrise,FL,Florida,33322
289,8641,Brandi,Torres,Brandi Torres,8260 Klamath Woods Pl.,Lemon Grove,CA,California,91945
290,935,Byron,Torres,Byron Torres,2168 Reading Drive,Spring Valley,CA,California,91977
291,7164,Billy,Vazquez,Billy Vazquez,881 Brannan Pl.,San Gabriel,CA,California,91776
292,9391,Brandy,Verma,Brandy Verma,9806 North Star Dr.,Burbank,CA,California,91502
293,4726,Bruce,Verma,Bruce Verma,8945 Euclid Ave.,San Francisco,CA,California,94109
294,64095000624,Bryan,Ward,Bryan Ward,946 Santa Barbara Rd.,Hooksett,NH,New Hampshire,3106
295,90816207528,Brianna,Washington,Brianna Washington,9602 C St.,Ballard,WA,Washington,98107
296,63109514117,Bryan,Watson,Bryan Watson,7355 Macarthur Avenue,Imperial Beach,CA,California,91932
297,36044174432,Bailey,Watson,Bailey Watson,7136 Almond Drive,Concord,CA,California,94519
298,83340215100,Benjamin,Williams,Benjamin Williams,4641 Miguel Drive,Kennewick,WA,Washington,99337
299,51708537900,Brianna,Wilson,Brianna Wilson,8983 Haynes Court,Chula Vista,CA,California,91910
300,7990,Bethany,Xie,Bethany Xie,9923 Pampered Ct.,Lemon Grove,CA,California,91945
301,8389,Brent,Xu,Brent Xu,3280 Oliveria Road,Colma,CA,California,94014
302,1963,Bianca,Xu,Bianca Xu,"34, rue Philibert-Delorme",St. Louis,MO,Missouri,63103
303,8141,Brittney,Yang,Brittney Yang,"22, rue Jean Mermoz",Burlingame,CA,California,94010
304,5085,Barbara,Yang,Barbara Yang,384 Price Lane,Grossmont,CA,California,91941
305,1960,Bianca,Ye,Bianca Ye,2380 Abbey Court,Las Cruces,NM,New Mexico,88001
306,1974,Bianca,Zeng,Bianca Zeng,"8111, rue Basse-du-Rocher",Concord,CA,California,94519
307,1959,Bianca,Zhou,Bianca Zhou,5276 Whitehall Drive,Everett,WA,Washington,98201
308,77789807300,Caleb,Adams,Caleb Adams,7342 Dew Drop Circle,Lincoln Acres,CA,California,91950
309,161,Cedric,Aggarwal,Cedric Aggarwal,6345 Dartmouth Way,Chula Vista,CA,California,91910
310,3759,Cristina,Aggarwal,Cristina Aggarwal,"4024, rue Surcouf",Colma,CA,California,94014
311,8963,Craig,Alvarez,Craig Alvarez,5474 Limewood Pl.,Concord,CA,California,94519
312,5029,Christy,Anand,Christy Anand,4082 Roslyn Road,Colma,CA,California,94014
313,9466,Christine,Anand,Christine Anand,9442 Thors Bay Road,Monroe,WA,Washington,98272
314,3100,Cindy,Arun,Cindy Arun,2419 Adobe St.,Riverton,UT,Utah,84065
315,38032549600,Catherine,Bailey,Catherine Bailey,9944 Maywood Lane,Bellingham,WA,Washington,98225
316,37584728002,Catherine,Bell,Catherine Bell,Kurfürstenstr 594,San Diego,CA,California,92102
317,58958827853,Carson,Bennett,Carson Bennett,"610, boulevard Tremblay",San Jose,CA,California,95112
318,7479,Casey,Bhat,Casey Bhat,290 Reed Way,Alpine,CA,California,91901
319,3842,Cassie,Bhat,Cassie Bhat,8394 Summertime Dr.,Bellflower,CA,California,90706
320,317,Clarence,Bhat,Clarence Bhat,6886 Berry Dr.,Concord,CA,California,94519
321,9744,Chad,Bhat,Chad Bhat,"12, rue Philibert-Delorme",Glendale,CA,California,91203
322,63391762971,Cody,Brooks,Cody Brooks,7776 Cordoba Way,Milwaukie,OR,Oregon,97222
323,22966404557,Caleb,Bryant,Caleb Bryant,8564 Redhead Way,Beaverton,OR,Oregon,97005
324,2448,Claudia,Cai,Claudia Cai,1697 Charlotte Court,Marysville,WA,Washington,98270
325,20097878575,Charles,Campbell,Charles Campbell,3318 N. 8th St.,Chula Vista,CA,California,91910
326,75445476174,Connor,Carter,Connor Carter,1455 Fountain Road,Chula Vista,CA,California,91910
327,9738,Chad,Chande,Chad Chande,1898 South St.,W. Linn,OR,Oregon,97068
328,1821,Carly,Chande,Carly Chande,"3, rue Lamarck",Index,WA,Washington,98256
329,5628,Clayton,Chander,Clayton Chander,1245 Clayton Road,Beaverton,OR,Oregon,97005
330,5475,Colleen,Chander,Colleen Chander,7376 Redwood Road,Olympia,WA,Washington,98501
331,9739,Chad,Chander,Chad Chander,8425 W. Hookston Road,Redmond,WA,Washington,98052
332,3094,Cindy,Chandra,Cindy Chandra,Buergermeister-ulrich-str 2411,Chula Vista,CA,California,91910
333,8508,Curtis,Chen,Curtis Chen,"4, boulevard Tremblay",Charlotte,NC,North Carolina,28202
334,23045073700,Caleb,Chen,Caleb Chen,Platz des Landtags 22,Columbus,OH,Ohio,43215
335,1978,Cara,Chen,Cara Chen,Alderweg 2849,Tacoma,WA,Washington,98403
336,40667283535,Courtney,Collins,Courtney Collins,"93, rue de Fontfroide",Concord,CA,California,94519
337,39690621500,Caitlin,Cook,Caitlin Cook,4867 Rosebuck Way,City Of Commerce,CA,California,90040
338,39630818963,Catherine,Cook,Catherine Cook,5951 Snowberry Court,Van Nuys,CA,California,91411
339,81879768371,Cameron,Davis,Cameron Davis,9770 Brandywine Way,Burlingame,CA,California,94010
340,50989378700,Chloe,Davis,Chloe Davis,9526 Baird Court,Chicago,IL,Illinois,60610
341,148,Cedric,Deng,Cedric Deng,"93, avenue des Champs-Elysées",Boston,MA,Massachusetts,2113
342,9443,Christine,Deng,Christine Deng,5608 Montanya Court,Yakima,WA,Washington,98901
343,25924044251,Christian,Diaz,Christian Diaz,5785 Lislin Ct.,San Gabriel,CA,California,91776
344,8313,Carrie,Dominguez,Carrie Dominguez,5493 Gonzalez Ct,El Cajon,CA,California,92020
345,8972,Craig,Dominguez,Craig Dominguez,2062 Woodruff Lane,Billings,MT,Montana,59101
346,20114132761,Charles,Edwards,Charles Edwards,7034 Longbrood Way,Clearwater,FL,Florida,33755
347,6980,Candace,Engineer,Candace Engineer,Hüttenstr 8095,Burbank,CA,California,91502
348,3110,Cindy,Fernandez,Cindy Fernandez,929 Birchbark Place,Corvallis,OR,Oregon,97330
349,3035,Carmen,Fernandez,Carmen Fernandez,832 Bellows Ct.,Mosinee,WI,Wisconsin,54455
350,23214331900,Connor,Foster,Connor Foster,6290 Chinquapin Court,Salem,OR,Oregon,97301
351,6990,Candace,Garcia,Candace Garcia,5218 E 28th Street,Santa Cruz,CA,California,95062
352,7478,Casey,Goel,Casey Goel,"8022, rue Lauriston",Lebanon,OR,Oregon,97355
353,168,Cedric,Goel,Cedric Goel,5366 Terry Lynn Lane,Bellingham,WA,Washington,98225
354,2569,Cheryl,Gomez,Cheryl Gomez,4385 Claudia Dr.,Mill Valley,CA,California,94941
355,9133,Cory,Gonzalez,Cory Gonzalez,Kapellstr 4924,Bellevue,WA,Washington,98004
356,3038,Carmen,Gonzalez,Carmen Gonzalez,2411 Hazelnut Lane,Issaquah,WA,Washington,98027
357,74566521644,Connor,Gonzalez,Connor Gonzalez,"87, rue de l´Avenir",Issaquah,WA,Washington,98027
358,35353403700,Caitlin,Gray,Caitlin Gray,457 Ryan Rd.,Phoenix,AZ,Arizona,85004
359,35277518630,Catherine,Gray,Catherine Gray,Hansaallee 57,Burbank,CA,California,91502
360,35277518630,Catherine,Gray,Catherine Gray,7805 Peabody Road,Burbank,CA,California,91502
361,35277518630,Catherine,Grey,Catherine Grey,5416 Thornwood Dr.,Burbank,CA,California,91502
362,6007,Colin,Guo,Colin Guo,Postenweg 2428,Kirkland,WA,Washington,98033
363,28584876100,Caroline,Hayes,Caroline Hayes,Dunckerstr 4825,Concord,CA,California,94519
364,5000,Christy,He,Christy He,Am Gallberg 456,Olympia,WA,Washington,98501
365,4334,Carolyn,Hernandez,Carolyn Hernandez,3265 E. 62nd Street,Long Beach,CA,California,90802
366,8962,Craig,Hernandez,Craig Hernandez,1961 Sahara Drive,Everett,WA,Washington,98201
367,20034079551,Charles,Hill,Charles Hill,Buergermeister-ulrich-str 4111,Bothell,WA,Washington,98011
368,67062623500,Cole,Howard,Cole Howard,"6, rue des Vendangeurs",Portland,OR,Oregon,97205
369,6010,Colin,Hu,Colin Hu,4575 Sandiago Drive,Colma,CA,California,94014
370,5608,Clayton,Hu,Clayton Hu,6155 Vist Oak Dr,Marysville,WA,Washington,98270
371,8512,Curtis,Huang,Curtis Huang,2427 Notre Dame Ave.,Michigan City,IN,Indiana,46360
372,5592,Clayton,Huang,Clayton Huang,7970 Jewett Ave.,San Francisco,CA,California,94109
373,1982,Cara,Huang,Cara Huang,9518 Lakeview Place,Concord,CA,California,94519
374,23111850000,Caleb,Jai,Caleb Jai,1369 Rambling Lane,Colma,CA,California,94014
375,159,Cedric,Jai,Cedric Jai,"778, rue Faubourg St Antoine",San Gabriel,CA,California,91776
376,9809,Corey,Jai,Corey Jai,9600 Sweeney Road,Olympia,WA,Washington,98501
377,26005969600,Christian,Jai,Christian Jai,"558, rue Marbeuf",Park City,UT,Utah,84098
378,28459536400,Caroline,Jenkins,Caroline Jenkins,1384 Windmill Way,Beverly Hills,CA,California,90210
379,26233962774,Cameron,Jenkins,Cameron Jenkins,8783 Detroit Ave.,Lynnwood,WA,Washington,98036
380,4336,Carolyn,Jimenez,Carolyn Jimenez,4790 Curletto Drive,Colma,CA,California,94014
381,34070449500,Chris,Kelly,Chris Kelly,3196 Rotherham Dr.,Burbank,CA,California,91502
382,34070449500,Christina,Kelly,Christina Kelly,6993 Whyte Park Ave.,Burbank,CA,California,91502
383,9450,Christine,Kumar,Christine Kumar,"81, route de Marseille",Lynnwood,WA,Washington,98036
384,9451,Christine,Lal,Christine Lal,9126 Jamie Way,Beverly Hills,CA,California,90210
385,156,Cedric,Lal,Cedric Lal,"2, rue Royale",Concord,CA,California,94519
386,5620,Clayton,Lal,Clayton Lal,Parise Straße 2552,Modesto,CA,California,95354
387,5467,Colleen,Lal,Colleen Lal,3895 Mt. Tooth Place,Cincinnati,OH,Ohio,45202
388,3958,Calvin,Lal,Calvin Lal,9062 Melrose Place,Bremerton,WA,Washington,98312
389,25971916317,Christian,Li,Christian Li,Zollstr 68,Kittery,ME,Maine,3904
390,8269,Candice,Li,Candice Li,9970 San Miguel Rd,Issaquah,WA,Washington,98027
391,1980,Cara,Liu,Cara Liu,2751 Hooftrail Way,Beaverton,OR,Oregon,97005
392,23145264983,Connor,Long,Connor Long,6524 Geriola Court,Colma,CA,California,94014
393,6992,Candace,Lopez,Candace Lopez,3854 Wildcat Circle,Canoga Park,CA,California,91303
394,9131,Cory,Lopez,Cory Lopez,137 Lancelot Dr,Salem,OR,Oregon,97301
395,282,Clarence,Lu,Clarence Lu,9590 Sutton Circle,Berkeley,CA,California,94704
396,134,Cedric,Lu,Cedric Lu,Postfach 66 16 16,Newport Beach,CA,California,92625
397,5617,Clayton,Luo,Clayton Luo,4814 Seascape Circle,Chula Vista,CA,California,91910
398,153,Cedric,Luo,Cedric Luo,7799 Reality Dr,Index,WA,Washington,98256
399,3751,Cristina,Luo,Cristina Luo,4451 Carmel Dr.,Downey,CA,California,90241
400,287,Clarence,Ma,Clarence Ma,5438 Sharon Place,Grossmont,CA,California,91941
401,9994,Crystal,Ma,Crystal Ma,1739 Breaker Dr.,Spokane,WA,Washington,99202
402,1637,Clifford,Madan,Clifford Madan,620 Woodside Ct.,Marysville,WA,Washington,98270
403,81095297336,Cameron,Martin,Cameron Martin,4192 May Rd.,Burlingame,CA,California,94010
404,8299,Carrie,Martin,Carrie Martin,7925 Meadow Lane,Ferguson,MO,Missouri,63135
405,48347579800,Chloe,Martinez,Chloe Martinez,Am Gallberg 2345,Salem,OR,Oregon,97301
406,3112,Cindy,Martinez,Cindy Martinez,Pflugstr 2525,Lacey,WA,Washington,98503
407,84027729630,Christian,Miller,Christian Miller,9322 Sinaloa,Downey,CA,California,90241
408,6031,Colin,Nara,Colin Nara,"1, rue de la Centenaire",Colma,CA,California,94014
409,1823,Carly,Nara,Carly Nara,2660 St George Dr,Orlando,FL,Florida,32804
410,9817,Corey,Nath,Corey Nath,"57bis, boulevard du Montparnasse",La Jolla,CA,California,92806
411,3765,Cristina,Nath,Cristina Nath,Erlenweg 2624,El Cajon,CA,California,92020
412,8310,Carrie,Navarro,Carrie Navarro,5617 Spice Terrace,Torrance,CA,California,90505
413,6379,Krista,Navarro,Krista Navarro,3545 RiverRock Dr.,New Hartford,NY,New York,13413
414,20059083100,Charles,Nelson,Charles Nelson,1050 Greenhills Circle,Oakland,CA,California,94611
415,6593,Clinton,Ortega,Clinton Ortega,731 Cape Cod Way,Woodland Hills,CA,California,91364
416,3962,Calvin,Pal,Calvin Pal,"434, impasse Ste-Madeleine",Berkeley,CA,California,94704
417,5471,Colleen,Pal,Colleen Pal,"5, avenue de la Gare",Clarkston,GA,Georgia,30021
418,1818,Carly,Pal,Carly Pal,5287 Race Road,Torrance,CA,California,90505
419,7825,Carl,Pal,Carl Pal,490 Sepulveda Ct.,Biloxi,MS,Mississippi,39530
420,3833,Cassie,Pal,Cassie Pal,Am Karlshof 2462,Puyallup,WA,Washington,98371
421,1506,Cesar,Patel,Cesar Patel,1504 Conifer Court,Colma,CA,California,94014
422,4308,Carolyn,Patel,Carolyn Patel,3134 Rambling Rose Dr.,Ballard,WA,Washington,98107
423,23165156245,Connor,Patterson,Connor Patterson,8373 Endriss,Irving,TX,Texas,75061
424,43695159554,Courtney,Perez,Courtney Perez,498 Willow Pass Rd,Glendale,CA,California,91203
425,3116,Cindy,Perez,Cindy Perez,Auf dem Ufer 164,Lynnwood,WA,Washington,98036
426,64919243454,Cody,Peterson,Cody Peterson,Parise Straße 7155,Port Huron,MI,Michigan,48060
427,28472706079,Caroline,Powell,Caroline Powell,"570, quai de Grenelle",Concord,CA,California,94519
428,7831,Carl,Rai,Carl Rai,7435 Ricardo,Corvallis,OR,Oregon,97330
429,9816,Corey,Rai,Corey Rai,"14, avenue Reille",Oregon City,OR,Oregon,97045
430,310,Clarence,Raje,Clarence Raje,4569 La Salle Ct.,Burlingame,CA,California,94010
431,3964,Calvin,Raje,Calvin Raje,5556 Poppy Place,Woodburn,OR,Oregon,97071
432,162,Cedric,Raje,Cedric Raje,5979 Leisure Lane,Bellingham,WA,Washington,98225
433,1642,Clifford,Raman,Clifford Raman,"40, rue Georges-Clémenceau",Bremerton,WA,Washington,98312
434,8318,Carrie,Ramos,Carrie Ramos,2959 Freda Drive,Colma,CA,California,94014
435,6588,Clinton,Ramos,Clinton Ramos,3541 Corte Poquito,Beaverton,OR,Oregon,97005
436,1641,Clifford,Rana,Clifford Rana,6837 Weber Bryan St.,Colma,CA,California,94014
437,41296041607,Courtney,Roberts,Courtney Roberts,5493 Roskelley Drive,Chula Vista,CA,California,91910
438,20083099603,Charles,Roberts,Charles Roberts,Berliner Platz 554,Santa Monica,CA,California,90401
439,3039,Carmen,Rodriguez,Carmen Rodriguez,9713 Pome Court,Bellflower,CA,California,90706
440,9309,Cassandra,Rodriguez,Cassandra Rodriguez,Unter Linden 439,Portland,OR,Oregon,97205
441,6995,Candace,Rodriguez,Candace Rodriguez,5969 Meadowbrook Court,La Marque,TX,Texas,77568
442,9018,Casey,Romero,Casey Romero,4858 Shannon Lane,Colma,CA,California,94014
443,4340,Carolyn,Romero,Carolyn Romero,9458 Flame Drive,Peoria,IL,Illinois,61606
444,58970157504,Carson,Ross,Carson Ross,Haberstr 39,Beverly Hills,CA,California,90210
445,26223351955,Cameron,Ross,Cameron Ross,7119 Concord,Woodland Hills,CA,California,91364
446,2591,Cheryl,Rubio,Cheryl Rubio,9249 Martin St,Gold Bar,WA,Washington,98251
447,4311,Carolyn,Sai,Carolyn Sai,Wertheimer Straße 899,Kittery,ME,Maine,3904
448,3573,Carmen,Sai,Carmen Sai,6318 Merriewood Dr.,Lynnwood,WA,Washington,98036
449,3198,Carla,Sai,Carla Sai,4594 Rose Dr.,Lebanon,OR,Oregon,97355
450,3040,Carmen,Sanchez,Carmen Sanchez,3917 Catalpa Court,Chandler,AZ,Arizona,85225
451,9135,Cory,Sanchez,Cory Sanchez,9466 Morning Glory Dr.,Seattle,WA,Washington,98104
452,3204,Carla,Sara,Carla Sara,"268, avenue de l´Europe",Woodburn,OR,Oregon,97071
453,4317,Carolyn,Sara,Carolyn Sara,4086 Emmons Canyon Lane,Walla Walla,WA,Washington,99362
454,44173949956,Courtney,Scott,Courtney Scott,2612 Berry Dr,Palo Alto,CA,California,94303
455,8976,Craig,Serrano,Craig Serrano,9178 Thornhill Place,Miami,FL,Florida,33127
456,9808,Corey,Shan,Corey Shan,2775 Mt. Olivet Pl.,Downey,CA,California,90241
457,9452,Christine,Sharma,Christine Sharma,8935 Etcheverry Dr.,Surprise,AZ,Arizona,85374
458,5015,Christy,Sharma,Christy Sharma,4716 Zebra Street,Colma,CA,California,94014
459,6023,Colin,Sharma,Colin Sharma,3322 Haven Hill Drive,Santa Monica,CA,California,90401
460,5005,Christy,She,Christy She,"3, place de la République",Colma,CA,California,94014
461,1805,Carly,She,Carly She,"33, allée des Princes",Atlanta,GA,Georgia,30308
462,9722,Chad,She,Chad She,"8, rue de la Comédie",Kirkland,WA,Washington,98033
463,5007,Christy,Shen,Christy Shen,"20, rue Saint-Lazare",Bellflower,CA,California,90706
464,297,Clarence,Shen,Clarence Shen,3818 Landana Drive,Los Angeles,CA,California,90012
465,3822,Cassie,Shen,Cassie Shen,"25, rue de Cambrai",Redmond,WA,Washington,98052
466,97218812108,Chloe,Simmons,Chloe Simmons,Kappellweg 242,Oregon City,OR,Oregon,97045
467,9122,Cory,Srini,Cory Srini,"44, rue du Départ",Seattle,WA,Washington,98104
468,8320,Carrie,Suarez,Carrie Suarez,151 Buchanan Ct,Olympia,WA,Washington,98501
469,8520,Curtis,Sun,Curtis Sun,9435 Breck Court,Glendale,CA,California,91203
470,284,Clarence,Sun,Clarence Sun,4288 Hacienda,Bremerton,WA,Washington,98312
471,6973,Candace,Suri,Candace Suri,5679 Atrice Lane,Bothell,WA,Washington,98011
472,299,Clarence,Tang,Clarence Tang,2348 Polaris Dr.,Burlingame,CA,California,94010
473,51063804626,Chloe,Thomas,Chloe Thomas,9351 W Lake Drive,W. Linn,OR,Oregon,97068
474,85095071792,Christopher,Thompson,Christopher Thompson,4770 Blue Jay Drive,Colma,CA,California,94014
475,64341189900,Chase,Torres,Chase Torres,"67bis, boulevard du Montparnasse",National City,CA,California,91950
476,64217588305,Carlos,Torres,Carlos Torres,7539 Hazelwood Lane,Burien,WA,Washington,98168
477,6582,Clinton,Torres,Clinton Torres,6261 Chestnut Avenue,Kenmore,WA,Washington,98028
478,8971,Craig,Torres,Craig Torres,5068 N Francisco Way,Duvall,WA,Washington,98019
479,34765109400,Caitlin,Torres,Caitlin Torres,3407 Pine Dr.,Lynnwood,WA,Washington,98036
480,3571,Carmen,Verma,Carmen Verma,3287 Corte Poquito,Mcdonough,GA,Georgia,30253
481,1507,Cesar,Verma,Cesar Verma,2474 Banbury Ct,Billings,MT,Montana,59101
482,2426,Claudia,Wang,Claudia Wang,2786 Class Avenue,Lakewood,CA,California,90712
483,821,Clarence,Wang,Clarence Wang,6905 Mendouno Dr.,Oakland,CA,California,94611
484,33457355500,Catherine,Watson,Catherine Watson,9318 Hawkridge Terrace,Everett,WA,Washington,98201
485,81782693862,Cameron,Williams,Cameron Williams,Parise Straße 7556,Issaquah,WA,Washington,98027
486,20032502412,Charles,Wright,Charles Wright,8743 Roanwood Way,Burbank,OH,Ohio,44214
487,8273,Candice,Wu,Candice Wu,"951, avenue Reille",Tampa,FL,Florida,33602
488,2432,Claudia,Wu,Claudia Wu,683 Larch Ct.,Lake Oswego,OR,Oregon,97034
489,9445,Christine,Xie,Christine Xie,7516 Laguna Street,Mcdonough,GA,Georgia,30253
490,3823,Cassie,Xie,Cassie Xie,8827 Ward Court,Milwaukie,OR,Oregon,97222
491,9802,Corey,Xu,Corey Xu,Alderstr 8429,Bellflower,CA,California,90706
492,283,Clarence,Xu,Clarence Xu,"66, place de la République",Coronado,CA,California,92118
493,5010,Christy,Xu,Christy Xu,4855 James Court,Lebanon,OR,Oregon,97355
494,4993,Christy,Xu,Christy Xu,2988 Buckingham Dr.,Carrollton,TX,Texas,75006
495,7817,Carl,Xu,Carl Xu,7814 Milburn Dr.,Everett,WA,Washington,98201
496,1981,Cara,Yang,Cara Yang,5423 Los Gatos Ct.,Concord,CA,California,94519
497,4985,Christy,Yang,Christy Yang,Welt Platz 6,Beaverton,OR,Oregon,97005
498,8271,Candice,Yang,Candice Yang,3531 Brookview Drive,Redmond,WA,Washington,98052
499,8516,Curtis,Ye,Curtis Ye,1088 Ash Lane,Citrus Heights,CA,California,95610
500,5443,Colleen,Ye,Colleen Ye,8623 Merry Circle,Glendale,CA,California,91203
501,9987,Crystal,Ye,Crystal Ye,9355 Armstrong Road,Anacortes,WA,Washington,98221
502,5012,Christy,Yuan,Christy Yuan,Heiderweg 4983,Sarasota,FL,Florida,34236
503,5988,Colin,Zhang,Colin Zhang,Zur Lindung 199,Yakima,WA,Washington,98901
504,8517,Curtis,Zhao,Curtis Zhao,"9215, rue Léo Delibes",Lincoln Acres,CA,California,91950
505,4991,Christy,Zhao,Christy Zhao,Kappellweg 613,Bradenton,FL,Florida,34205
506,133,Cedric,Zhao,Cedric Zhao,Lützowplatz 900,Gulfport,MS,Mississippi,39501
507,1987,Cara,Zhao,Cara Zhao,Postfach 77 06 06,Salem,OR,Oregon,97301
508,2440,Claudia,Zhu,Claudia Zhu,2151 Twincreek Ct,Chula Vista,CA,California,91910
509,8521,Curtis,Zhu,Curtis Zhu,769 Algiers Drive,Lemon Grove,CA,California,91945
510,1991,Cara,Zhu,Cara Zhu,4346 Via Rerrari,Olympia,WA,Washington,98501
511,9686,Derek,Aggarwal,Derek Aggarwal,1020 Carletto Drive,Colma,CA,California,94014
512,1894,Donna,Aggarwal,Donna Aggarwal,1256 American Beauty Dr,National City,CA,California,91950
513,1744,Devon,Aggarwal,Devon Aggarwal,8339 Auburn,Portland,OR,Oregon,97205
514,18099750876,Dalton,Allen,Dalton Allen,Brunnenstr 75,Citrus Heights,CA,California,95610
515,8988,Derrick,Alvarez,Derrick Alvarez,"568, avenue de l´ Union Centrale",San Diego,CA,California,92102
516,1754,Devon,Anand,Devon Anand,P. O. Box 5413,Concord,CA,California,94519
517,5432,Dawn,Anand,Dawn Anand,"95, avenue de l´ Union Centrale",Everett,WA,Washington,98201
518,3525,Dominic,Arun,Dominic Arun,6154 Geneva Ave.,Kenmore,WA,Washington,98028
519,68665924668,Devin,Bailey,Devin Bailey,773 Mt. Wilson Place,Imperial Beach,CA,California,91932
520,64073634100,Devin,Barnes,Devin Barnes,"4, rue Descartes",Duluth,MN,Minnesota,55802
521,3817,Deborah,Bhat,Deborah Bhat,5661 Elkwood Drive,Bell Gardens,CA,California,90201
522,10174,Dustin,Bhat,Dustin Bhat,"421, rue de Terre Neuve",Walla Walla,WA,Washington,99362
523,8745,Diana,Blanco,Diana Blanco,Hans-Rosenthal-Platz 502,Lakewood,CA,California,90712
524,989,Dwayne,Blanco,Dwayne Blanco,4912 Roundhouse Place,Concord,CA,California,94519
525,5406,Dawn,Cai,Dawn Cai,7952 El Verano,Concord,CA,California,94519
526,45,Damien,Cai,Damien Cai,3581 Rising Dawn Way,Daly City,CA,California,94015
527,2344,Darryl,Cai,Darryl Cai,4340 Ohara Ct,Bremerton,WA,Washington,98312
528,992,Dwayne,Castro,Dwayne Castro,"3905bis, boulevard Saint Germain",Colma,CA,California,94014
529,4252,Deanna,Castro,Deanna Castro,1915 Seawind Dr.,Cheyenne,WY,Wyoming,82001
530,3812,Deborah,Chander,Deborah Chander,"1112, rue des Grands Champs",Concord,CA,California,94519
531,7430,Denise,Chandra,Denise Chandra,3394 Near Drive,Chula Vista,CA,California,91910
532,9164,Douglas,Chandra,Douglas Chandra,1117 Ashford Court,City Of Commerce,CA,California,90040
533,57555812597,Dakota,Coleman,Dakota Coleman,6928 N. 8th Street,Lake Oswego,OR,Oregon,97034
534,70521332025,Devin,Cook,Devin Cook,133 Lorie Ln.,Spokane,WA,Washington,99202
535,17993524670,Dalton,Davis,Dalton Davis,7626 Sinclair Avenue,Lynnwood,WA,Washington,98036
536,20165743800,Devin,Davis,Devin Davis,Winterfeldtstr 3539,Portland,OR,Oregon,97205
537,9673,Derek,Deng,Derek Deng,3358 Thornhill Place,Colma,CA,California,94014
538,975,Dwayne,Diaz,Dwayne Diaz,313 Park Highlands,Chula Vista,CA,California,91910
539,8731,Diana,Diaz,Diana Diaz,1766 Virgina Hills Drive,Burlingame,CA,California,94010
540,698,Diane,Diaz,Diane Diaz,827 Near Dr.,Woodburn,OR,Oregon,97071
541,6659,Danny,Dominguez,Danny Dominguez,2176 Apollo Way,Oregon City,OR,Oregon,97045
542,20535631200,Devin,Edwards,Devin Edwards,2733 Del Mar Ave.,Palo Alto,CA,California,94303
543,4214,Deanna,Engineer,Deanna Engineer,618 Browse Ct.,Edmonds,WA,Washington,98020
544,38,Damien,Gao,Damien Gao,1865 Scenic Ct.,Colma,CA,California,94014
545,7445,Denise,Garcia,Denise Garcia,Reiherweg 5924,Chula Vista,CA,California,91910
546,8998,Derrick,Gil,Derrick Gil,246 Weatherly Way,Lake Oswego,OR,Oregon,97034
547,68,Damien,Goel,Damien Goel,7102 Serrano Way,Colma,CA,California,94014
548,4441,Darren,Gomez,Darren Gomez,8411 Mt. Orange Place,Colma,CA,California,94014
549,696,Diane,Gomez,Diane Gomez,Höhenstr 9429,Palo Alto,CA,California,94303
550,8729,Diana,Gomez,Diana Gomez,Potsdamer Straße 929,Concord,CA,California,94519
551,61306570768,Devin,Gonzales,Devin Gonzales,"1680, boulevard du Montparnasse",Colma,CA,California,94014
552,95865326523,Destiny,Gonzales,Destiny Gonzales,4068 St. George Court,Portland,OR,Oregon,97205
553,60139665007,Dalton,Griffin,Dalton Griffin,Rehstr 4242,Colma,CA,California,94014
554,8995,Derrick,Gutierrez,Derrick Gutierrez,5689 Almondtree Circle,Colma,CA,California,94014
555,707,Diane,Gutierrez,Diane Gutierrez,8465 Kim Court,Concord,CA,California,94519
556,18027535100,Dalton,Harris,Dalton Harris,9204 Pelican Loop,Spring Valley,CA,California,91977
557,57727431100,Dakota,Hayes,Dakota Hayes,Königstr 381,Bellingham,WA,Washington,98225
558,29279348254,Dylan,Henderson,Dylan Henderson,3999 Tobi Drive,Spokane,WA,Washington,99202
559,6190,Desiree,Hernandez,Desiree Hernandez,3354 Ruby Lane,Colma,CA,California,94014
560,8832,Dana,Hernandez,Dana Hernandez,"48733, rue des Ecoles",Ballard,WA,Washington,98107
561,2327,Darryl,Huang,Darryl Huang,Zimmerstr 57,Chula Vista,CA,California,91910
562,3807,Deborah,Jai,Deborah Jai,Am Gallberg 999,Upland,CA,California,91786
563,1892,Donna,Jai,Donna Jai,6999 Salem St.,San Gabriel,CA,California,91776
564,978,Dwayne,Jimenez,Dwayne Jimenez,6920 Merriewood Drive,Bremerton,WA,Washington,98312
565,86351659893,Dylan,Johnson,Dylan Johnson,Erftplatz 777,Colma,CA,California,94014
566,18134158253,Dalton,King,Dalton King,6136 North 68th St,Palo Alto,CA,California,94303
567,55,Damien,Kumar,Damien Kumar,"3539, rue des Grands Champs",Colma,CA,California,94014
568,2188,Dale,Kumar,Dale Kumar,"8040, rue de la Centenaire",Oregon City,OR,Oregon,97045
569,20326188200,Devin,Lewis,Devin Lewis,5473 Sunshine,Palo Alto,CA,California,94303
570,5401,Dawn,Liang,Dawn Liang,4750 Bay View Dr.,Burlingame,CA,California,94010
571,9181,Douglas,Lopez,Douglas Lopez,Hansaallee 2,Gilroy,CA,California,95020
572,8336,Dennis,Lu,Dennis Lu,8000 Kiska Court,Sherman Oaks,CA,California,91403
573,9678,Derek,Luo,Derek Luo,"42, boulevard Tremblay",Coronado,CA,California,92118
574,3176,Dominique,Madan,Dominique Madan,"7, impasse Ste-Madeleine",Colma,CA,California,94014
575,4435,Darren,Martinez,Darren Martinez,9745 Bonita Ct.,Altamonte Springs,FL,Florida,32701
576,4431,Darren,Mehta,Darren Mehta,1914 Creekside Dr.,Los Angeles,CA,California,90012
577,20166194400,Devin,Miller,Devin Miller,7751 Mendocino Dr.,Imperial Beach,CA,California,91932
578,3588,Darrell,Nara,Darrell Nara,Midi-Couleurs,Colma,CA,California,94014
579,1898,Donna,Nara,Donna Nara,1826 Village Road,Spring Valley,CA,California,91977
580,1750,Devon,Nath,Devon Nath,Heideweg 1459,Colma,CA,California,94014
581,67,Damien,Nath,Damien Nath,6308 Broadway Street,Novato,CA,California,94947
582,3590,Darrell,Nath,Darrell Nath,5725 Glazier Drive,Baltimore,MD,Maryland,21201
583,3994,Drew,Nath,Drew Nath,133 Westwood Way,Torrance,CA,California,90505
584,719,Diane,Ortega,Diane Ortega,6697 Ridge Park Drive,Milpitas,CA,California,95035
585,9007,Derrick,Ortega,Derrick Ortega,8825 Walters Way,Milwaukie,OR,Oregon,97222
586,4439,Darren,Perez,Darren Perez,Buergermeister-ulrich-str 95,Chula Vista,CA,California,91910
587,64985461831,Dalton,Peterson,Dalton Peterson,"27, rue de la Comédie",Everett,WA,Washington,98201
588,59996944665,Dalton,Price,Dalton Price,"1, rue de Courtaboeuf",Bellflower,CA,California,90706
589,5427,Dawn,Rai,Dawn Rai,5977 C Wharton Way,New York,NY,New York,10007
590,9691,Derek,Rai,Derek Rai,6999 Indianhead Ct.,Bremerton,WA,Washington,98312
591,3814,Deborah,Rai,Deborah Rai,2368 Olivera Rd,Issaquah,WA,Washington,98027
592,3818,Deborah,Raji,Deborah Raji,7651 Smiling Tree Court,Seattle,WA,Washington,98104
593,6205,Desiree,Ramos,Desiree Ramos,4440 Algiers Drive,Bremerton,WA,Washington,98312
594,9555,Donald,Rana,Donald Rana,9808 Holiday Hills,Chula Vista,CA,California,91910
595,4220,Deanna,Rana,Deanna Rana,"65, boulevard Tremblay",Colma,CA,California,94014
596,3180,Dominique,Rana,Dominique Rana,5157 Maywood Lane,Baytown,TX,Texas,77520
597,87375518100,Daniel,Robinson,Daniel Robinson,Galeriestr 6267,Chula Vista,CA,California,91910
598,3189,Dominique,Rodriguez,Dominique Rodriguez,8600 Jomar,Milwaukie,OR,Oregon,97222
599,69774626500,Devin,Rogers,Devin Rogers,8264 Montanya Court,Concord,CA,California,94519
600,95890324711,Destiny,Russell,Destiny Russell,"401, rue de la Centenaire",Sedro Woolley,WA,Washington,98284
601,7434,Denise,Sai,Denise Sai,Wertheimer Straße 854,Chula Vista,CA,California,91910
602,9548,Donald,Sai,Donald Sai,Königsteiner Straße 449,Colma,CA,California,94014
603,4230,Deanna,Sanchez,Deanna Sanchez,2461 Orangewood Court,Novi,MI,Michigan,48375
604,7440,Denise,Sara,Denise Sara,6002 Hickory Drive,Carrollton,TX,Texas,75006
605,20410709977,Devin,Scott,Devin Scott,5165 Cambridge Drive,Chula Vista,CA,California,91910
606,2191,Dale,Shan,Dale Shan,8141 Mitchell Canyon Road,Concord,CA,California,94519
607,28065450200,David,Sharma,David Sharma,"231, avenue Foch",Chula Vista,CA,California,91910
608,4134,Darrell,Sharma,Darrell Sharma,Hans-Rosenthal-Platz 426,Newport Beach,CA,California,92625
609,2190,Dale,Sharma,Dale Sharma,Am Grossen Dern 8249,Atlanta,GA,Georgia,30308
610,57,Damien,Sharma,Damien Sharma,"811, rue Basse-du-Rocher",Seattle,WA,Washington,98104
611,1730,Devon,She,Devon She,"9135, rue Malar",Monroe,MI,Michigan,48161
612,2346,Darryl,She,Darryl She,"84, avenue des Ternes",Carnation,WA,Washington,98014
613,1882,Donna,Shen,Donna Shen,9838 Stallion Way,Woodburn,OR,Oregon,97071
614,4126,Darrell,Shen,Darrell Shen,Rehstr 7777,Bellingham,WA,Washington,98225
615,87374627590,Daniel,Smith,Daniel Smith,5578 Barbie Dr,La Jolla,CA,California,92806
616,86350565552,Dylan,Smith,Dylan Smith,Nonnendamm 19,Milwaukie,OR,Oregon,97222
617,84451566934,David,Smith,David Smith,8844 Bel Aire Drive,Duvall,WA,Washington,98019
618,3177,Dominique,Srini,Dominique Srini,6745 Blue Ridge Drive,Coronado,CA,California,92118
619,9004,Derrick,Suarez,Derrick Suarez,9281 Brushcreek Dr,Santa Monica,CA,California,90401
620,4430,Darren,Subram,Darren Subram,1061 Delta Fair Blvd.,Idaho Falls,ID,Idaho,83402
621,10156,Dustin,Tang,Dustin Tang,2187 S. Rising Ave,El Segundo,CA,California,90245
622,4128,Darrell,Tang,Darrell Tang,4405 Balboa Court,Portland,OR,Oregon,97205
623,50625317100,Destiny,Thomas,Destiny Thomas,7783 Limewood Pl,Concord,CA,California,94519
624,84544752240,David,Thompson,David Thompson,2411 Clark Creek Lane,Everett,WA,Washington,98201
625,3171,Dominique,Verma,Dominique Verma,6930 Lake Nadine Place,Bothell,WA,Washington,98011
626,28037812700,David,Wang,David Wang,8255 Highland Road,Concord,CA,California,94519
627,23,Damien,Wang,Damien Wang,Zimmerstr 137,Olympia,WA,Washington,98501
628,61265028715,Devin,Washington,Devin Washington,8274 Gladstone Drive,Kansas City,MO,Missouri,64106
629,86520252823,Dylan,White,Dylan White,811 Mcneil Place,Hamden,CT,Connecticut,6518
630,29,Damien,Wu,Damien Wu,"60bis, rue des Peupliers",Beverly Hills,CA,California,90210
631,2183,Dale,Xie,Dale Xie,9491 Fountain Road,Woodburn,OR,Oregon,97071
632,4129,Darrell,Xu,Darrell Xu,Knaackstr 442,Concord,CA,California,94519
633,1885,Donna,Xu,Donna Xu,Auf dem Ufer 764,Concord,CA,California,94519
634,1735,Devon,Xu,Devon Xu,Berliner Platz 4,Las Vegas,NV,Nevada,89106
635,5413,Dawn,Xu,Dawn Xu,"6, route de Marseille",Seattle,WA,Washington,98104
636,35,Damien,Xu,Damien Xu,2844 Plymouth Drive,Downey,CA,California,90241
637,29465563297,Dylan,Yang,Dylan Yang,7954 Vista Avenue,Chula Vista,CA,California,91910
638,27,Damien,Yang,Damien Yang,9119 Near Drive,Oakland,CA,California,94611
639,1737,Devon,Yuan,Devon Yuan,"600, avenue des Laurentides",Bellingham,WA,Washington,98225
640,46,Damien,Zeng,Damien Zeng,4176 Cotton Ct,Miami,FL,Florida,33127
641,28033161759,David,Zhang,David Zhang,Nollendorfplatz 2,Mill Valley,CA,California,94941
642,2336,Darryl,Zhu,Darryl Zhu,2190 Waterfall Way,Bellflower,CA,California,90706
643,5877,Edwin,Aggarwal,Edwin Aggarwal,8467 Clifford Court,Bremerton,WA,Washington,98312
644,92666298747,Emma,Alexander,Emma Alexander,233 Waterview Terr.,Redwood City,CA,California,94063
645,17182741200,Edward,Allen,Edward Allen,"660, avenue de Malakoff",Colma,CA,California,94014
646,8762,Erika,Alonso,Erika Alonso,2583 Cypress Ave.,Burlingame,CA,California,94010
647,9092,Erik,Alonso,Erik Alonso,5047 Northwood Dr.,Concord,CA,California,94519
648,92408645749,Emma,Barnes,Emma Barnes,"2, rue de Maubeuge",Port Orchard,WA,Washington,98366
649,60886563700,Edward,Bennett,Edward Bennett,8446 San Gabriel,Los Angeles,CA,California,90012
650,2811,Eddie,Blanco,Eddie Blanco,4332 Listing Ct,Burlingame,CA,California,94010
651,61446625000,Eduardo,Bryant,Eduardo Bryant,77 Birchwood,Burbank,OH,Ohio,44214
652,24537132978,Elijah,Bryant,Elijah Bryant,3746 Via Romero,Marysville,WA,Washington,98270
653,21790352500,Eric,Butler,Eric Butler,7983 Stony Hill Circle,West Covina,CA,California,91791
654,2717,Ernest,Cai,Ernest Cai,1411 Ranch Drive,Kendall,FL,Florida,33143
655,5861,Edwin,Cai,Edwin Cai,4303 Amanda Circle,San Diego,CA,California,92102
656,2266,Eugene,Cai,Eugene Cai,6267 Concord Royale,Yakima,WA,Washington,98901
657,9103,Erik,Castro,Erik Castro,7403 N. Broadway,Colma,CA,California,94014
658,1151,Erick,Chandra,Erick Chandra,3118 Creekside Drive,Kelso,WA,Washington,98626
659,2797,Eddie,Diaz,Eddie Diaz,8154 Via Mexico,Olympia,WA,Washington,98501
660,20900754928,Eduardo,Edwards,Eduardo Edwards,6565 Woodcrest Dr.,Seattle,WA,Washington,98104
661,14848130345,Edward,Evans,Edward Evans,665 Mark Twain Dr.,Bellingham,WA,Washington,98225
662,3485,Edgar,Fernandez,Edgar Fernandez,1739 Breaker Dr.,Oregon City,OR,Oregon,97045
663,56386074423,Elizabeth,Flores,Elizabeth Flores,6566 Pinole Valley Rd.,San Antonio,TX,Texas,78204
664,21783759593,Eric,Flores,Eric Flores,9093 Gilardy Dr.,Tacoma,WA,Washington,98403
665,56436408800,Elizabeth,Foster,Elizabeth Foster,8922 Lindley Ct.,Chula Vista,CA,California,91910
666,24527262449,Elijah,Foster,Elijah Foster,4824 Kirkwood Ct.,Racine,WI,Wisconsin,53182
667,1216,Evelyn,Garcia,Evelyn Garcia,1092 Pinole Valley Rd.,Novato,WY,Wyoming,82070
668,74496521400,Elijah,Gonzalez,Elijah Gonzalez,Nonnendamm 22,Glendale,CA,California,91203
669,3413,Emmanuel,Gonzalez,Emmanuel Gonzalez,9297 Kenston Dr.,Orlando,FL,Florida,32804
670,20826184153,Eduardo,Green,Eduardo Green,177 11th Ave,Beaverton,OR,Oregon,97005
671,77136678700,Elijah,Green,Elijah Green,8673 Mt. Wilson Way,Ballard,WA,Washington,98107
672,10096,Erica,Guo,Erica Guo,70 Tobi Drive,Daly City,CA,California,94015
673,61519339680,Eduardo,Hayes,Eduardo Hayes,2476 Mt. Whitney Way,National City,CA,California,91950
674,57781209300,Emily,Henderson,Emily Henderson,7655 Greer Ave,Downey,CA,California,90241
675,78298627700,Eric,Hernandez,Eric Hernandez,5436 Clear,Everett,WA,Washington,98201
676,20823700428,Eduardo,Hill,Eduardo Hill,8307 Monument Blvd.,Tacoma,WA,Washington,98403
677,67172899842,Eduardo,Howard,Eduardo Howard,5622 Geary,Branch,MN,Minnesota,55056
678,2265,Eugene,Hu,Eugene Hu,Krönerweg 5615,Phoenix,AZ,Arizona,85004
679,8759,Erika,Jimenez,Erika Jimenez,2216 Blue Ridge Dr.,Chula Vista,CA,California,91910
680,20583589100,Eduardo,Jones,Eduardo Jones,3938 Baywood Drive,National City,CA,California,91950
681,4159,Ebony,Kapoor,Ebony Kapoor,408 Lislin Ct.,Daly City,CA,California,94015
682,54390789866,Emily,Lewis,Emily Lewis,6727 Roux Court,San Carlos,CA,California,94070
683,10080,Erica,Li,Erica Li,6019 Ironwood Way,Beverly Hills,CA,California,90210
684,27351639270,Ethan,Li,Ethan Li,37 Peachwillow Lane,Oakland,CA,California,94611
685,5855,Edwin,Ma,Edwin Ma,38 First Ave.,Colma,CA,California,94014
686,10094,Erica,Ma,Erica Ma,7859 Live Oak Avenue,Kirkland,WA,Washington,98033
687,2711,Ernest,Ma,Ernest Ma,Postfach 99 92 92,Lynnwood,WA,Washington,98036
688,52519589662,Emma,Martin,Emma Martin,Am Kreuz 4124,Colma,CA,California,94014
689,3408,Emmanuel,Mehta,Emmanuel Mehta,"801, rue de la Cavalerie",Colma,CA,California,94014
690,83105784654,Ethan,Miller,Ethan Miller,529 Leewood Place,Visalia,CA,California,93291
691,75953668951,Eric,Mitchell,Eric Mitchell,917 Mark Twain Dr.,Downey,CA,California,90241
692,20635125000,Eduardo,Moore,Eduardo Moore,9891 Clayton Way,Bellingham,WA,Washington,98225
693,2801,Eddie,Moreno,Eddie Moreno,416 Yosemite Circle,Duluth,MN,Minnesota,55802
694,8760,Erika,Moreno,Erika Moreno,7554 Grammercy Lane,Beaverton,OR,Oregon,97005
695,9090,Erik,Moreno,Erik Moreno,1867 Buchanan Rd.,Newport Hills,WA,Washington,98006
696,69299988150,Evan,Morris,Evan Morris,3330 Hawes Street,Bellflower,CA,California,90706
697,4194,Ebony,Navarro,Ebony Navarro,5884 Blue Ridge,Concord,CA,California,94519
698,75016875267,Eric,Nelson,Eric Nelson,9300 Ptarmigan Drive,Snohomish,WA,Washington,98296
699,92489251494,Emma,Powell,Emma Powell,3148 Rose Street,Redwood City,CA,California,94063
700,1163,Erick,Raman,Erick Raman,2720 Blue Ridge,Chula Vista,CA,California,91910
701,8772,Erika,Ramos,Erika Ramos,4683 Tuolumne Way,Grossmont,CA,California,91941
702,73024621605,Evan,Roberts,Evan Roberts,8826 Kinross Drive,Concord,CA,California,94519
703,17148382100,Edward,Robinson,Edward Robinson,1093 Gatter Court,Woodburn,OR,Oregon,97071
704,1222,Evelyn,Sanchez,Evelyn Sanchez,2725 P St.,Redwood City,CA,California,94063
705,4181,Ebony,Sanchez,Ebony Sanchez,7419 Donaleen Ct.,Palo Alto,CA,California,94303
706,3404,Emmanuel,Sara,Emmanuel Sara,Charlottenstr 358,Newport Beach,CA,California,92625
707,61008926033,Edward,Simmons,Edward Simmons,2475 Maureen Ln.,San Gabriel,CA,California,91776
708,24520342350,Elijah,Simmons,Elijah Simmons,9218 Gold Crest Ct.,Nashua,NH,New Hampshire,3064
709,52679712176,Elizabeth,Smith,Elizabeth Smith,4392 Ahneita Dr.,Wrentham,MA,Massachusetts,2093
710,52394212484,Emma,Smith,Emma Smith,5153 Hackamore Lane,Everett,WA,Washington,98201
711,73232830762,Elijah,Turner,Elijah Turner,4654 Trembath Court,El Cajon,CA,California,92020
712,3396,Emmanuel,Verma,Emmanuel Verma,Bundesallee 11,Concord,CA,California,94519
713,37182074785,Erin,Ward,Erin Ward,4084 Camino Peral,West Covina,CA,California,91791
714,61408081700,Eduardo,Washington,Eduardo Washington,4164 Whitehall Drive,Burbank,CA,California,91502
715,27202428000,Ethan,Washington,Ethan Washington,7800 Olivera Rd.,West Covina,CA,California,91791
716,92404407900,Emma,Wood,Emma Wood,9614 Warwick Dr.,Chula Vista,CA,California,91910
717,20795623064,Eduardo,Wright,Eduardo Wright,4116 Hummingbird Ct,Burbank,CA,California,91502
718,2699,Ernest,Yang,Ernest Yang,8703 Market Place,Seattle,WA,Washington,98104
719,5862,Edwin,Zeng,Edwin Zeng,6735 Alet Court,Downey,CA,California,90241
720,2715,Ernest,Zheng,Ernest Zheng,2513 Buskirk Avenue,Chula Vista,CA,California,91910
721,2252,Eugene,Zhou,Eugene Zhou,8459 Silver Oaks Place,Lemon Grove,CA,California,91945
722,359,Franklin,Aggarwal,Franklin Aggarwal,1296 Bishop Court,Crossville,TN,Tennessee,38555
723,8562,Frank,Alonso,Frank Alonso,5328 Mitchelleanjen Ln.,Issaquah,WA,Washington,98027
724,6398,Felicia,Alvarez,Felicia Alvarez,9489 Anderson Way,North Miami Beach,FL,Florida,33162
725,15294170975,Fernando,Anderson,Fernando Anderson,4264 Oak Creek Ct.,Miami,FL,Florida,33127
726,3350,Frederick,Arun,Frederick Arun,7259 Birchwood,El Cajon,CA,California,92020
727,37753717899,Faith,Bell,Faith Bell,4777 Rockne Drive,Downey,CA,California,90241
728,33214894500,Faith,Bennett,Faith Bennett,2673 Peterson Place,Palo Alto,CA,California,94303
729,343,Franklin,Cai,Franklin Cai,6359 Jill Ave.,Santa Cruz,CA,California,95062
730,36168317794,Faith,Cooper,Faith Cooper,1639 Atchinson Stage Ct.,Colma,CA,California,94014
731,346,Franklin,Deng,Franklin Deng,4877 Limewood Place,Nashville,TN,Tennessee,37203
732,1000,Francis,Diaz,Francis Diaz,7832 Military East,Lincoln Acres,CA,California,91950
733,3360,Frederick,Fernandez,Frederick Fernandez,232 K St.,Bellflower,CA,California,90706
734,58414790034,Fernando,Foster,Fernando Foster,165 East Leland Road,W. Linn,OR,Oregon,97068
735,15350202322,Fernando,Garcia,Fernando Garcia,Hans-Rosenthal-Platz 4108,West Kingston,RI,Rhode Island,2892
736,339,Franklin,Guo,Franklin Guo,3613 Eastgate Lane,Edmonds,WA,Washington,98020
737,58270460400,Fernando,Henderson,Fernando Henderson,4426 Tanager Road,Concord,CA,California,94519
738,6397,Felicia,Hernandez,Felicia Hernandez,5790 Ponderosa Drive,Chula Vista,CA,California,91910
739,15219916700,Fernando,Jones,Fernando Jones,6872 Sandalwood Dr.,Puyallup,WA,Washington,98371
740,3343,Frederick,Kapoor,Frederick Kapoor,5643 Palms Dr.,Wood Dale,IL,Illinois,60191
741,353,Franklin,Kumar,Franklin Kumar,890 Ridgeview Dr,Colma,CA,California,94014
742,338,Franklin,Liang,Franklin Liang,Werftstr 154,Lake Oswego,OR,Oregon,97034
743,3361,Frederick,Lopez,Frederick Lopez,4186 Silver Oaks Pl.,Colma,CA,California,94014
744,332,Franklin,Lu,Franklin Lu,3796 Keller Ridge,Sequim,WA,Washington,98382
745,7687,Francisco,Malhotra,Francisco Malhotra,6086 Glen Wood Drive,Eureka,CA,California,95501
746,997,Francis,Martin,Francis Martin,1515 Tuolumne St.,Oregon City,OR,Oregon,97045
747,3358,Frederick,Mehta,Frederick Mehta,6992 Mt. View Drive,Bellflower,CA,California,90706
748,38946694731,Faith,Morris,Faith Morris,"34, rue des Rosiers",Downey,TN,Tennessee,37501
749,1005,Francis,Munoz,Francis Munoz,"5710, cours Mirabeau",Burien,WA,Washington,98168
750,363,Franklin,Nara,Franklin Nara,3748 Moss Hollow Court,Fontana,CA,California,92335
751,8577,Frank,Ortega,Frank Ortega,5898 Mt. Dell,La Jolla,CA,California,92806
752,15527549982,Fernando,Parker,Fernando Parker,5753 Megan Dr.,Long Beach,CA,California,90802
753,58349537253,Fernando,Powell,Fernando Powell,Dunckerstr 6,Salem,OR,Oregon,97301
754,36425563097,Faith,Richardson,Faith Richardson,2860 Brentwood Circle,Concord,CA,California,94519
755,38485542535,Faith,Rivera,Faith Rivera,1048 Las Quebradas Lane,Coronado,CA,California,92118
756,15496286200,Fernando,Roberts,Fernando Roberts,8844 Garcia,Marysville,WA,Washington,98270
757,1020,Francis,Rubio,Francis Rubio,623 Davis Ave.,Concord,CA,California,94519
758,34528029000,Faith,Sanders,Faith Sanders,4398 Lakewood Court,Colma,CA,California,94014
759,6411,Felicia,Serrano,Felicia Serrano,4661 Bluetail,Southfield,MI,Michigan,48034
760,58397758007,Fernando,Simmons,Fernando Simmons,5455 Grenola Dr,Marysville,WA,Washington,98270
761,15325960516,Fernando,White,Fernando White,1909 N Jackson Way,Downey,CA,California,90241
762,327,Franklin,Wu,Franklin Wu,2461 Stephine Way,Lynnwood,WA,Washington,98036
763,15440351366,Fernando,Young,Fernando Young,3770 Viewpoint Ct,Everett,WA,Washington,98201
764,344,Franklin,Zeng,Franklin Zeng,Hochstr 8444,Austin,TX,Texas,78701
765,47889040112,Gabrielle,Allen,Gabrielle Allen,1773 Royal Palm Lane,Westport,CT,Connecticut,6880
766,4703,Gerald,Alvarez,Gerald Alvarez,Krönerweg 9249,Marietta,GA,Georgia,30060
767,12974886298,Gabrielle,Bailey,Gabrielle Bailey,Kulmer Straße 6,Milwaukie,OR,Oregon,97222
768,4715,Gerald,Blanco,Gerald Blanco,Pascalstr 756,Tacoma,WA,Washington,98403
769,33700540661,Gabriella,Brooks,Gabriella Brooks,1747 Corte Segundo,Wenatchee,WA,Washington,98801
770,411,Gilbert,Chande,Gilbert Chande,"870, avenue de Malakoff",Burlingame,CA,California,94010
771,4015,Grant,Chande,Grant Chande,Am Gallberg 6726,Colma,CA,California,94014
772,412,Gilbert,Chander,Gilbert Chander,Waldstr 29,Lemon Grove,CA,California,91945
773,10178,Gregory,Deng,Gregory Deng,4056 Marina Vill Pkwy.,Lake Oswego,OR,Oregon,97034
774,71268767118,Gabriel,Edwards,Gabriel Edwards,"5, rue de Courtaboeuf",Colma,CA,California,94014
775,3549,Geoffrey,Engineer,Geoffrey Engineer,Zimmerstr 56,Baldwin Park,CA,California,91706
776,4691,Gerald,Fernandez,Gerald Fernandez,1514 West M Street,Concord,CA,California,94519
777,59228824377,Gavin,Flores,Gavin Flores,8605 Flamingo Dr,National City,CA,California,91950
778,13115171200,Gabrielle,Flores,Gabrielle Flores,1077 Willow Court,W. Linn,OR,Oregon,97068
779,93239116668,Grace,Foster,Grace Foster,623 Lakespring Place,Burien,WA,Washington,98168
780,59254879355,Gavin,Foster,Gavin Foster,8274 Springvale Court,Issaquah,WA,Washington,98027
781,4690,Gerald,Garcia,Gerald Garcia,831 Valley Crest Dr.,Santa Cruz,CA,California,95062
782,746,Gloria,Gomez,Gloria Gomez,2119 Little Dr,Colma,CA,California,94014
783,6796,Gina,Gomez,Gina Gomez,5923 Hazelwood Lane,San Francisco,CA,California,94109
784,24376296997,Gabriel,Hayes,Gabriel Hayes,5845 Oliveria Road,Bellevue,WA,Washington,98004
785,2367,Glenn,He,Glenn He,5295 Macalven Drive,San Diego,CA,California,92102
786,24226801395,Gabriel,Henderson,Gabriel Henderson,5376 Sahara Drive,Winston-Salem,NC,North Carolina,27104
787,749,Gloria,Hernandez,Gloria Hernandez,8836 First Ave.,Camarillo,CA,California,93010
788,46693434715,Gabrielle,Hill,Gabrielle Hill,6447 Ranch Road,Concord,CA,California,94519
789,751,Gloria,Jimenez,Gloria Jimenez,Hans-Rosenthal-Platz 4612,El Segundo,CA,California,90245
790,10186,Gregory,Lal,Gregory Lal,"33, rue du Puits Dixme",Concord,CA,California,94519
791,378,Gilbert,Lin,Gilbert Lin,4635 Woodside Court,Lebanon,OR,Oregon,97355
792,382,Gilbert,Lu,Gilbert Lu,Pascalstr 241,Chula Vista,CA,California,91910
793,4005,Grant,Luo,Grant Luo,Viktoria-Luise-Platz 442,Olympia,WA,Washington,98501
794,9647,George,Malhotra,George Malhotra,Wallstr 24,Santa Cruz,CA,California,95062
795,3558,Geoffrey,Mehta,Geoffrey Mehta,8501 Second Ave.,Colma,CA,California,94014
796,752,Gloria,Moreno,Gloria Moreno,"69bis, rue des Peupliers",Colma,CA,California,94014
797,6803,Gina,Munoz,Gina Munoz,9996 Solano Drive,Bellingham,WA,Washington,98225
798,42836573719,Gabrielle,Nelson,Gabrielle Nelson,8041 Erie Dr.,Concord,CA,California,94519
799,6819,Gina,Ortega,Gina Ortega,9784 Mellowood Street,Los Angeles,CA,California,90012
800,41808660000,Gabrielle,Phillips,Gabrielle Phillips,5843 Westwood Court,Colma,CA,California,94014
801,3553,Geoffrey,Prasad,Geoffrey Prasad,5296 Birchwood,Berkeley,CA,California,94704
802,6814,Gina,Ramos,Gina Ramos,9027 Alan Dr,Chula Vista,CA,California,91910
803,12979226100,Gabrielle,Richardson,Gabrielle Richardson,1437 Donaleen Cr,Chula Vista,CA,California,91910
804,49802780200,Grace,Robinson,Grace Robinson,"83, rue de Fontfroide",Orlando,FL,Florida,32804
805,38974895477,Gabriella,Rogers,Gabriella Rogers,4617 Sheppard Way,Berkeley,CA,California,94704
806,92767359018,Grace,Rogers,Grace Rogers,"8, rue des Vendangeurs",Falls Church,VA,Virginia,22046
807,6818,Gina,Rubio,Gina Rubio,6560 Waterview Terrace,Chehalis,WA,Washington,98532
808,3548,Geoffrey,Sai,Geoffrey Sai,Moritzstr 54,Marysville,WA,Washington,98270
809,12928881000,Gabrielle,Sanchez,Gabrielle Sanchez,Kampstr 590,Coronado,CA,California,92118
810,93026315600,Grace,Sanders,Grace Sanders,4380 Chestnut,Burien,WA,Washington,98168
811,8955,Gary,Sanz,Gary Sanz,9120 Springfield Drive,San Carlos,CA,California,94070
812,10187,Gregory,Sharma,Gregory Sharma,5137 Napa Court,Bellingham,WA,Washington,98225
813,3552,Geoffrey,Srini,Geoffrey Srini,4397 Lakewood Court,Chula Vista,CA,California,91910
814,8954,Gary,Suarez,Gary Suarez,1491 Marina Vill Pkwy,Mill Valley,CA,California,94941
815,4719,Gerald,Suarez,Gerald Suarez,Platz des Landtags 25,Bremerton,WA,Washington,98312
816,766,Gloria,Suarez,Gloria Suarez,6291 Withersed Lane,Everett,WA,Washington,98201
817,8946,Gary,Torres,Gary Torres,3009 Temple Court,Norwood,MA,Massachusetts,2062
818,371,Gilbert,Wang,Gilbert Wang,8200 Schenone Court,Colma,CA,California,94014
819,377,Gilbert,Wu,Gilbert Wu,3382 Arrowwood Circle,Norridge,IL,Illinois,60706
820,2352,Glenn,Yang,Glenn Yang,Heiderplatz 978,Everett,WA,Washington,98201
821,402,Gilbert,Yuan,Gilbert Yuan,"38, rue de l´Esplanade",Chicago,IL,Illinois,60610
822,25214503400,Hunter,Alexander,Hunter Alexander,Marketplatz 92,Colma,CA,California,94014
823,6625,Hector,Alvarez,Hector Alvarez,371 Ridge Place,Lynnwood,WA,Washington,98036
824,45040029883,Haley,Baker,Haley Baker,2702 North Ridge Dr.,Camarillo,CA,California,93010
825,12352388500,Hailey,Bell,Hailey Bell,6732 Geary,Concord,CA,California,94519
826,13402146100,Haley,Bennett,Haley Bennett,1648 Eastgate Lane,Everett,WA,Washington,98201
827,6634,Hector,Dominguez,Hector Dominguez,5290 Pennsylvania Blvd,Augusta,GA,Georgia,30901
828,1106,Harold,Engineer,Harold Engineer,1561 Black Point Pl,Concord,CA,California,94519
829,9283,Holly,Gonzalez,Holly Gonzalez,4250 Cross Road,Colma,CA,California,94014
830,1120,Harold,Gonzalez,Harold Gonzalez,4202 Northridge Dr.,Downey,CA,California,90241
831,44465221762,Haley,Green,Haley Green,"6, rue Léo Delibes",Lake Oswego,OR,Oregon,97034
832,76686008572,Hunter,Green,Hunter Green,2328 Sand View Way,Houston,TX,Texas,77003
833,10244,Heather,Guo,Heather Guo,"68, avenue de l´ Union Centrale",Oregon City,OR,Oregon,97045
834,47570377588,Hailey,Hall,Hailey Hall,3704 D Bel Air Dr.,North Randall,OH,Ohio,44128
835,78990299700,Hunter,Harris,Hunter Harris,1058 Kirker Pass Road,Everett,WA,Washington,98201
836,58037414000,Hannah,Hughes,Hannah Hughes,Midi-Couleurs,Downey,CA,California,90241
837,9263,Holly,Kapoor,Holly Kapoor,8042 Dantley Way,Redmond,WA,Washington,98052
838,12390030622,Hailey,Kelly,Hailey Kelly,1956 Pine Drive,Concord,CA,California,94519
839,10229,Heather,Liu,Heather Liu,9478 Rheem Dr.,Lakewood,CA,California,90712
840,9271,Holly,Madan,Holly Madan,2720 Blue Ridge,Spring Valley,CA,California,91977
841,6907,Heidi,Madan,Heidi Madan,2281 West Road,Clay,NY,New York,13041
842,7283,Henry,Malhotra,Henry Malhotra,1809 Candellero Dr.,Puyallup,WA,Washington,98371
843,79011961200,Hunter,Martin,Hunter Martin,8885 Partridge Dr.,Mesa,AZ,Arizona,85201
844,54549394249,Hannah,Martin,Hannah Martin,3673 Serrana Court,Saugus,MA,Massachusetts,1906
845,54474480200,Hannah,Miller,Hannah Miller,1936 Balance Ct,Colma,CA,California,94014
846,9265,Holly,Patel,Holly Patel,"7, place de Brazaville",Cincinnati,OH,Ohio,45202
847,43650677800,Haley,Perez,Haley Perez,4098 Woodcrest Dr.,Monroe,WA,Washington,98272
848,13378263711,Haley,Peterson,Haley Peterson,3004 Zulu Court,Puyallup,WA,Washington,98371
849,12461978197,Hailey,Powell,Hailey Powell,8904 La Salle Ave,San Gabriel,CA,California,91776
850,9273,Holly,Prasad,Holly Prasad,82 Mt. Dell Dr.,Lynnwood,WA,Washington,98036
851,13250960707,Haley,Reed,Haley Reed,9913 Mt. Whitney Way,Memphis,TN,Tennessee,38103
852,41263640522,Haley,Roberts,Haley Roberts,6720 Bryce Dr.,Grossmont,CA,California,91941
853,7300,Henry,Rodriguez,Henry Rodriguez,"111, rue des Pyrenees",City Of Commerce,CA,California,90040
854,9284,Holly,Rodriguez,Holly Rodriguez,174 Kim Court,Santa Cruz,CA,California,95062
855,6643,Hector,Rubio,Hector Rubio,4453 Bannock Ct.,Concord,CA,California,94519
856,7284,Henry,Sai,Henry Sai,6970 Frame Ln,Colma,CA,California,94014
857,12305583953,Hailey,Sanchez,Hailey Sanchez,4836 Stratton Circle,Chula Vista,CA,California,91910
858,9274,Holly,Sara,Holly Sara,1723 StandingView Dr. Dr,Beaverton,OR,Oregon,97005
859,1109,Harold,Srini,Harold Srini,8119 Northridge Ct,Houston,TX,Texas,77003
860,1653,Harold,Suri,Harold Suri,5634 Blue Ridge Drive,Concord,CA,California,94519
861,54512873300,Hannah,Taylor,Hannah Taylor,Postfach 66 07 00,Burlingame,CA,California,94010
862,1103,Harold,Verma,Harold Verma,6790 Loma Linda,Downey,CA,California,90241
863,13389732837,Haley,Watson,Haley Watson,8080 Lancelot Dr.,Denby,SD,South Dakota,57716
864,46019057631,Hailey,Wright,Hailey Wright,4632 Pleasant Hill Rd,Bellflower,CA,California,90706
865,10235,Heather,Ye,Heather Ye,5301 Loeffler Lane,Colma,CA,California,94014
866,3500,Ivan,Arun,Ivan Arun,5652 Dianda Dr.,Miami,FL,Florida,33127
867,74375156760,Isaac,Baker,Isaac Baker,"34870, rue Lamarck",Olympia,WA,Washington,98501
868,62103326320,Ian,Butler,Ian Butler,9654 Pirate Lane,Irvine,CA,California,92614
869,19445855021,Ian,Carter,Ian Carter,9013 Ramsay Circle,Lynnwood,WA,Washington,98036
870,3494,Ivan,Chandra,Ivan Chandra,3859 Anchor Ave,Coronado,CA,California,92118
871,70139921903,Isaiah,Cook,Isaiah Cook,1671 F St.,Washougal,WA,Washington,98671
872,99944408535,Isabella,Cooper,Isabella Cooper,2702 Alan Dr.,San Carlos,CA,California,94070
873,65851300358,Isaiah,Cooper,Isaiah Cooper,9534 Country View Lane,Beaverton,OR,Oregon,97005
874,19502514004,Ian,Evans,Ian Evans,99 Marti Marie Dr.,Huntsville,AL,Alabama,35801
875,19263126850,Ian,Garcia,Ian Garcia,8381 Lake Place,Los Angeles,CA,California,90012
876,31955994400,Isabelle,Gonzales,Isabelle Gonzales,857 San Simeon Drive,Colma,CA,California,94014
877,31832746900,Isabel,Griffin,Isabel Griffin,6507 Fieldcrest Dr.,San Antonio,TX,Texas,78204
878,81361726522,Isaac,Hall,Isaac Hall,7906 Clear,Altadena,CA,California,91001
879,31994832800,Isabelle,Hayes,Isabelle Hayes,177 Bancroft Road,Chicago,IL,Illinois,60610
880,19349182800,Ian,Hernandez,Ian Hernandez,4352 Marclair Dr.,Concord,CA,California,94519
881,19375774300,Ian,Hill,Ian Hill,893 Thornwood Drive,Everett,WA,Washington,98201
882,31759249000,Isabel,Hughes,Isabel Hughes,896 Shannon Lane,Colma,CA,California,94014
883,19164539600,Ian,Jackson,Ian Jackson,5942 Laurel,Kirkland,WA,Washington,98033
884,31881895700,Isabelle,Jenkins,Isabelle Jenkins,485 Starlyn Dr.,Colma,CA,California,94014
885,10138589700,Isabella,Jenkins,Isabella Jenkins,2710 Roux Court,Bothell,WA,Washington,98011
886,63511400222,Isaiah,Kelly,Isaiah Kelly,2 Raymond Dr,Long Beach,CA,California,90802
887,3501,Ivan,Madan,Ivan Madan,4584 Hamiliton Ave.,Downey,CA,California,90241
888,49358316659,Isabella,Miller,Isabella Miller,9440 Newell Ave.,Issaquah,WA,Washington,98027
889,19421827793,Ian,Nelson,Ian Nelson,4915 Pear Dr.,Orange,CA,California,92867
890,19495980143,Ian,Parker,Ian Parker,4330 Reliz Valley Road,East Haven,CT,Connecticut,6512
891,3495,Ivan,Patel,Ivan Patel,6894 Oeffler Ln.,Burien,WA,Washington,98168
892,10169596076,Isabella,Patterson,Isabella Patterson,2964 Holbrook Dr,Colma,CA,California,94014
893,31897581200,Isabelle,Powell,Isabelle Powell,1553 Richard Ave.,Marysville,WA,Washington,98270
894,10030158758,Isabella,Ramirez,Isabella Ramirez,4250 Huston Rd,Santa Monica,CA,California,90401
895,99936640858,Isabella,Rivera,Isabella Rivera,3177 Lincoln Drive,Everett,WA,Washington,98201
896,73041975498,Isaac,Roberts,Isaac Roberts,8643 B Way,Colma,CA,California,94014
897,3515,Ivan,Sanchez,Ivan Sanchez,7107 Kingsford Dr.,Colma,CA,California,94014
898,3502,Ivan,Srini,Ivan Srini,1726 Hacienda,Lakewood,CA,California,90712
899,71929261088,Isaac,Stewart,Isaac Stewart,5826 Limewood Pl.,Chula Vista,CA,California,91910
900,19133763909,Ian,Taylor,Ian Taylor,9104 Mt. Sequoia Ct.,Portland,OR,Oregon,97205
901,19221767187,Ian,Thompson,Ian Thompson,5059 Mt. Etna,Warwick,RI,Rhode Island,2889
902,64276355500,Isaac,Torres,Isaac Torres,3507 Limeridge Drive,Bremerton,WA,Washington,98312
903,19453316926,Ian,Turner,Ian Turner,4245 Gregory Lane,Colma,CA,California,94014
904,41408946514,Isabella,Turner,Isabella Turner,414 Joseph Ave,Lakewood,CA,California,90712
905,31767644286,Isabel,Washington,Isabel Washington,215 Denkinger Court,Olympia,WA,Washington,98501
906,49378663900,Isabella,Wilson,Isabella Wilson,8115 Royal Links Ct,Chula Vista,CA,California,91910
907,28966565100,Jordyn,Alexander,Jordyn Alexander,3328 Via Cortez,Houston,TX,Texas,77003
908,47790141701,Julia,Allen,Julia Allen,"234, quai Paul Doumer",Beverly Hills,CA,California,90210
909,6090,Javier,Alonso,Javier Alonso,9090 Cristobal,Colma,CA,California,94014
910,3272,Jerome,Alvarez,Jerome Alvarez,1457 Chelsea,Bellflower,CA,California,90706
911,2648,Jacquelyn,Alvarez,Jacquelyn Alvarez,8945 Euclid Ave.,Bremerton,WA,Washington,98312
912,5535,Jon,Anand,Jon Anand,1275 West Street,Chula Vista,CA,California,91910
913,4828,Joe,Arun,Joe Arun,1594 Ethan Ct.,Port Orchard,WA,Washington,98366
914,74198613762,Jason,Baker,Jason Baker,7449 Dover Way,Rocky Mount,NC,North Carolina,27803
915,74272138500,Jackson,Baker,Jackson Baker,9372 Colfax Street,Carnation,WA,Washington,98014
916,74234281778,Jordan,Baker,Jordan Baker,2779 Ram Circle,Kenmore,WA,Washington,98028
917,94327047500,Jasmine,Bennett,Jasmine Bennett,4072 South Hampton Road,Cedar Park,TX,Texas,78613
918,7884,Johnny,Bhat,Johnny Bhat,7437 Margaret Ct.,Woodland Hills,CA,California,91364
919,637,Joy,Blanco,Joy Blanco,8546 Wilson Court,Redwood City,CA,California,94063
920,6523,Jonathon,Blanco,Jonathon Blanco,6253 Panorama Dr.,Lakewood,CA,California,90712
921,18314214900,Jeremiah,Brown,Jeremiah Brown,2431 Keith Court,Sedro Woolley,WA,Washington,98284
922,33035857081,Jacqueline,Bryant,Jacqueline Bryant,5643 Palms Dr.,Ballard,WA,Washington,98107
923,30744091868,Jocelyn,Butler,Jocelyn Butler,8811 Lombardy Lane,Mill Valley,CA,California,94941
924,73933557868,Jose,Campbell,Jose Campbell,4499 Alpha Way,Marysville,WA,Washington,98270
925,43200678229,Jenna,Carter,Jenna Carter,9574 Silverado Drive,Index,WA,Washington,98256
926,6101,Javier,Castro,Javier Castro,4116 Candelero Place,Salem,OR,Oregon,97301
927,9508,Julie,Chande,Julie Chande,5048 Hawthorne Dr,Mill Valley,CA,California,94941
928,6925,Jillian,Chandra,Jillian Chandra,9457 Mendocino Dr.,Tacoma,WA,Washington,98403
929,23508355617,Jose,Chen,Jose Chen,4407 Hobby Court,Colma,CA,California,94014
930,48613789100,Julia,Clark,Julia Clark,6627 Camelback Ct.,Walla Walla,WA,Washington,99362
931,60286258459,Jeremiah,Coleman,Jeremiah Coleman,3795 Tabora Drive,Melville,NY,New York,11747
932,71831934452,Jesse,Collins,Jesse Collins,1767 Holton Court,Glendale,CA,California,91203
933,97369326949,Julia,Cook,Julia Cook,2021 Ladera Court,Burien,WA,Washington,98168
934,66031695008,Jared,Cooper,Jared Cooper,3847 Mt. Diablo St,Burlingame,CA,California,94010
935,94163518548,Jasmine,Cooper,Jasmine Cooper,6809 El Capitan Lane,W. Linn,OR,Oregon,97068
936,65935028195,Jesse,Cooper,Jesse Cooper,296 Peachwillow St.,Kirkland,WA,Washington,98033
937,5762,Jaclyn,Deng,Jaclyn Deng,6132 Providence Dr.,Beaverton,OR,Oregon,97005
938,6064,Jon,Deng,Jon Deng,2230 May Way,Ballard,WA,Washington,98107
939,5056,Jenny,Deng,Jenny Deng,7550 Carzino Ct,Bellingham,WA,Washington,98225
940,623,Joy,Diaz,Joy Diaz,5185 Relis Valley Road,Colma,CA,California,94014
941,6520,Jonathon,Dominguez,Jonathon Dominguez,1291 Arguello Blvd.,Monroe,WA,Washington,98272
942,6930,Jillian,Engineer,Jillian Engineer,6986 Saddlewood,Birmingham,AL,Alabama,35203
943,4471,Jay,Engineer,Jay Engineer,5664 Wilke Drive,Carnation,WA,Washington,98014
944,98443406820,Jennifer,Flores,Jennifer Flores,8950 Olivera Rd,Colma,CA,California,94014
945,21981722700,Jackson,Flores,Jackson Flores,3173 Hilltop Dr.,Concord,CA,California,94519
946,60396942496,Jeremiah,Foster,Jeremiah Foster,2976 Dumbarton Drive,Columbus,GA,Georgia,31901
947,28929588198,Jordyn,Foster,Jordyn Foster,98 Roan Lane,Marysville,WA,Washington,98270
948,59429571600,Julian,Foster,Julian Foster,3854 Wildcat Circle,Lynnwood,WA,Washington,98036
949,26627582311,James,Foster,James Foster,526 Oak Street,Woodinville,WA,Washington,98072
950,5046,Jenny,Gao,Jenny Gao,5237 Babel Lane,Grossmont,CA,California,91941
951,8418,Jeffery,Gao,Jeffery Gao,3014 Stanford Street,Bremerton,WA,Washington,98312
952,87637655735,Jacob,Garcia,Jacob Garcia,1773 Lafayette Street,Concord,CA,California,94519
953,4837,Joe,Garcia,Joe Garcia,4414 Marion Ct.,College Station,TX,Texas,77840
954,1141,Jarrod,Garcia,Jarrod Garcia,5878 Arcadia Pl.,Bellingham,WA,Washington,98225
955,7245,Johnathan,Garcia,Johnathan Garcia,1077 Willow Court,Everett,WA,Washington,98201
956,233,Jessie,Gil,Jessie Gil,2631 Dalis Dr.,Burbank,CA,California,91502
957,6605,Jamie,Gil,Jamie Gil,6305 Waterview Place,Berkeley,CA,California,94704
958,635,Joy,Gil,Joy Gil,9457 Roxbury Dr.,Spring Valley,CA,California,91977
959,7808,Jerry,Goel,Jerry Goel,3742 Alpine Drive,Santa Ana,CA,California,92701
960,5782,Jaclyn,Goel,Jaclyn Goel,1246 Newport Drive,Burien,WA,Washington,98168
961,2970,Jaime,Gomez,Jaime Gomez,570 Guerrero,W. Linn,OR,Oregon,97068
962,59431433081,Julian,Gonzales,Julian Gonzales,2959 Freda Drive,San Gabriel,CA,California,91776
963,74418109655,Jonathan,Gonzalez,Jonathan Gonzalez,8225 Shakespeare Dr.,Olympia,WA,Washington,98501
964,97479984164,Julia,Gray,Julia Gray,9233 Pepper Way,West Covina,CA,California,91791
965,98164113759,Jennifer,Gray,Jennifer Gray,965 Esperanza Drive,Valley Stream,NY,New York,11580
966,35433097481,Jade,Gray,Jade Gray,5271 St. George Court,Issaquah,WA,Washington,98027
967,22054024300,Jackson,Griffin,Jackson Griffin,1178 Sandy Blvd.,Burien,WA,Washington,98168
968,47522264122,Jennifer,Hall,Jennifer Hall,7191 Margo Drive,Ogden,UT,Utah,84401
969,28999282700,Jordyn,Hayes,Jordyn Hayes,7233 Leticia,Concord,CA,California,94519
970,21255241000,Jordan,Hayes,Jordan Hayes,8054 Olivera Rd.,Sand City,CA,California,93955
971,98360188603,Jennifer,Henderson,Jennifer Henderson,4769 Mt. View Dr.,Chula Vista,CA,California,91910
972,22165432572,Jason,Henderson,Jason Henderson,1560 Harbor View Drive,Colma,CA,California,94014
973,2597,Janet,Hernandez,Janet Hernandez,7439 Laguna Niguel,Colma,CA,California,94014
974,78718393445,Jason,Hernandez,Jason Hernandez,3560 River Rock Lane,W. Linn,OR,Oregon,97068
975,76881788372,Jesse,Hill,Jesse Hill,9203 Birch Bark Dr.,National City,CA,California,91950
976,94197571873,Jasmine,Howard,Jasmine Howard,444 Northstar Drive,Chula Vista,CA,California,91910
977,5758,Jaclyn,Hu,Jaclyn Hu,9714 Stroer Lane,Millington,TN,Tennessee,38054
978,22207747100,Jason,Hughes,Jason Hughes,9896 Ida Ave,Beaverton,OR,Oregon,97005
979,87587122917,Jacob,Jackson,Jacob Jackson,6163 Craig Drive,Santa Monica,CA,California,90401
980,5067,Jenny,Jai,Jenny Jai,1287 Youngsdale Drive,Miami,FL,Florida,33127
981,22352055300,Jason,Jai,Jason Jai,8727 Buena Vista Ave.,Baytown,TX,Texas,77520
982,8584,Jesus,Jimenez,Jesus Jimenez,2118 Little Dr.,Newport News,VA,Virginia,23607
983,4495,Jay,Jimenez,Jay Jimenez,1037 Hayes Court,Downey,CA,California,90241
984,84008932709,Justin,Johnson,Justin Johnson,"5757, avenue de l´ Union Centrale",Chula Vista,CA,California,91910
985,82114815711,Jonathan,Jones,Jonathan Jones,"88, avenue de l´ Union Centrale",Corvallis,OR,Oregon,97330
986,87500482201,Jacob,Jones,Jacob Jones,2318 Glen Road,Oregon City,OR,Oregon,97045
987,63779546022,Jeremiah,Kelly,Jeremiah Kelly,7323 Alan Drive,Norwalk,CA,California,90650
988,34005910200,Jada,Kelly,Jada Kelly,6283 San Marino Ct.,Olympia,WA,Washington,98501
989,78851532936,James,King,James King,8005 Pacheco St.,Great Falls,MT,Montana,59401
990,5519,Jon,Kumar,Jon Kumar,3600 F Street,Colma,CA,California,94014
991,26892552375,Jonathan,Kumar,Jonathan Kumar,8259 Heavenly Drive,Bellingham,WA,Washington,98225
992,22334486842,Jason,Lal,Jason Lal,2532 Jacqueline Drive,Charlotte,NC,North Carolina,28202
993,4083,Jaime,Lal,Jaime Lal,2359 Virgil St.,Olympia,WA,Washington,98501
994,2272,Jessie,Li,Jessie Li,3987 Nuala Street,Chula Vista,CA,California,91910
995,2235,Jake,Liang,Jake Liang,3427 B Wildbrook Ct.,Concord,CA,California,94519
996,2277,Jessie,Lin,Jessie Lin,1210 Trafalgar Circle,Beverly Hills,CA,California,90210
997,9586,Joel,Lopez,Joel Lopez,8868 Sudan Loop,Torrance,CA,California,90505
998,1143,Jarrod,Lopez,Jarrod Lopez,7119 Iowa Drive,Concord,CA,California,94519
999,7247,Johnathan,Lopez,Johnathan Lopez,4668 Chilpancingo Park,Marysville,WA,Washington,98270
1000,2281,Jessie,Lu,Jessie Lu,5269 Mt. Trinity Court,Downey,CA,California,90241
